# Logfile created on 2026-09-02 14:06:57 -0400 by logger.rb/61378
2026-09-02 14:06:57 -0400: Memory Usage (413328K) : Starting running IHP-SG13G2 Klayout DRC runset on /home/noorizad/spicexplorer-workspace/external/pam4-wt/codesign-r4/report/work/g/dut_pam4.gds
2026-09-02 14:06:57 -0400: Memory Usage (413328K) : Ruby Version for klayout: 2.5.9
2026-09-02 14:06:57 -0400: Memory Usage (413328K) : Loading database to memory is complete.
2026-09-02 14:06:57 -0400: Memory Usage (413328K) : IHP-SG13G2 Klayout DRC runset output at: /home/noorizad/spicexplorer-workspace/external/pam4-wt/codesign-r4/report/work/g/signoff/drc/dut_pam4_pam4drv_pam4_lay_main.lyrdb
2026-09-02 14:06:57 -0400: Memory Usage (413328K) : Evaluate switches.
2026-09-02 14:06:57 -0400: Memory Usage (413328K) : table_name selected  main
2026-09-02 14:06:57 -0400: Memory Usage (413328K) : Klayout will use 128 thread(s)
2026-09-02 14:06:57 -0400: Memory Usage (413328K) : deep mode is enabled for main table.
2026-09-02 14:06:57 -0400: Memory Usage (413328K) : FEOL enabled: true
2026-09-02 14:06:57 -0400: Memory Usage (413328K) : BEOL enabled: true
2026-09-02 14:06:57 -0400: Memory Usage (413328K) : OffGrid enabled: true
2026-09-02 14:06:57 -0400: Memory Usage (413328K) : PreCheck DRC enabled: false
2026-09-02 14:06:57 -0400: Memory Usage (413328K) : CONNECTIVITY_RULES enabled: true for table main
2026-09-02 14:06:57 -0400: Memory Usage (413328K) : Read in polygons from layers.
2026-09-02 14:06:57 -0400: Memory Usage (413328K) : activ_drw has 68 polygons
2026-09-02 14:06:57 -0400: Memory Usage (413328K) : activ_pin has 0 polygons
2026-09-02 14:06:57 -0400: Memory Usage (413328K) : activ_mask has 12 polygons
2026-09-02 14:06:57 -0400: Memory Usage (413328K) : activ_filler has 0 polygons
2026-09-02 14:06:57 -0400: Memory Usage (413328K) : activ_nofill has 0 polygons
2026-09-02 14:06:57 -0400: Memory Usage (413328K) : activ_opc has 0 polygons
2026-09-02 14:06:57 -0400: Memory Usage (413328K) : activ_iopc has 0 polygons
2026-09-02 14:06:57 -0400: Memory Usage (413328K) : activ_noqrc has 0 polygons
2026-09-02 14:06:57 -0400: Memory Usage (413328K) : biwind_drw has 0 polygons
2026-09-02 14:06:57 -0400: Memory Usage (413328K) : biwind_opc has 0 polygons
2026-09-02 14:06:57 -0400: Memory Usage (413328K) : pemwind_drw has 0 polygons
2026-09-02 14:06:57 -0400: Memory Usage (413328K) : gatpoly_drw has 24 polygons
2026-09-02 14:06:57 -0400: Memory Usage (413328K) : gatpoly_pin has 0 polygons
2026-09-02 14:06:57 -0400: Memory Usage (413328K) : gatpoly_filler has 0 polygons
2026-09-02 14:06:57 -0400: Memory Usage (413328K) : gatpoly_nofill has 0 polygons
2026-09-02 14:06:57 -0400: Memory Usage (413328K) : gatpoly_opc has 0 polygons
2026-09-02 14:06:57 -0400: Memory Usage (413328K) : gatpoly_iopc has 0 polygons
2026-09-02 14:06:57 -0400: Memory Usage (413328K) : gatpoly_noqrc has 0 polygons
2026-09-02 14:06:57 -0400: Memory Usage (413328K) : cont_drw has 928 polygons
2026-09-02 14:06:57 -0400: Memory Usage (413328K) : cont_opc has 0 polygons
2026-09-02 14:06:57 -0400: Memory Usage (413328K) : nsd_drw has 0 polygons
2026-09-02 14:06:57 -0400: Memory Usage (413328K) : nsd_block has 24 polygons
2026-09-02 14:06:57 -0400: Memory Usage (413328K) : metal1_drw has 96 polygons
2026-09-02 14:06:57 -0400: Memory Usage (413328K) : metal1_pin has 48 polygons
2026-09-02 14:06:57 -0400: Memory Usage (413328K) : metal1_mask has 0 polygons
2026-09-02 14:06:57 -0400: Memory Usage (415700K) : metal1_filler has 0 polygons
2026-09-02 14:06:57 -0400: Memory Usage (415700K) : metal1_nofill has 0 polygons
2026-09-02 14:06:57 -0400: Memory Usage (415700K) : metal1_slit has 0 polygons
2026-09-02 14:06:57 -0400: Memory Usage (415700K) : metal1_text has 6 polygons
2026-09-02 14:06:57 -0400: Memory Usage (415700K) : metal1_opc has 0 polygons
2026-09-02 14:06:57 -0400: Memory Usage (415700K) : metal1_noqrc has 0 polygons
2026-09-02 14:06:57 -0400: Memory Usage (416264K) : metal1_res has 0 polygons
2026-09-02 14:06:57 -0400: Memory Usage (416264K) : metal1_iprobe has 0 polygons
2026-09-02 14:06:57 -0400: Memory Usage (416264K) : metal1_diffprb has 0 polygons
2026-09-02 14:06:57 -0400: Memory Usage (416264K) : passiv_drw has 0 polygons
2026-09-02 14:06:57 -0400: Memory Usage (416264K) : passiv_pin has 0 polygons
2026-09-02 14:06:57 -0400: Memory Usage (416264K) : passiv_sbump has 0 polygons
2026-09-02 14:06:57 -0400: Memory Usage (416528K) : passiv_pillar has 0 polygons
2026-09-02 14:06:57 -0400: Memory Usage (416528K) : passiv_pdl has 0 polygons
2026-09-02 14:06:57 -0400: Memory Usage (416528K) : metal2_drw has 34 polygons
2026-09-02 14:06:57 -0400: Memory Usage (416528K) : metal2_pin has 12 polygons
2026-09-02 14:06:57 -0400: Memory Usage (416528K) : metal2_mask has 0 polygons
2026-09-02 14:06:57 -0400: Memory Usage (416528K) : metal2_filler has 0 polygons
2026-09-02 14:06:57 -0400: Memory Usage (416528K) : metal2_nofill has 0 polygons
2026-09-02 14:06:57 -0400: Memory Usage (416528K) : metal2_slit has 0 polygons
2026-09-02 14:06:57 -0400: Memory Usage (416528K) : metal2_text has 0 polygons
2026-09-02 14:06:57 -0400: Memory Usage (416528K) : metal2_opc has 0 polygons
2026-09-02 14:06:57 -0400: Memory Usage (416528K) : metal2_noqrc has 0 polygons
2026-09-02 14:06:57 -0400: Memory Usage (416528K) : metal2_res has 0 polygons
2026-09-02 14:06:57 -0400: Memory Usage (416528K) : metal2_iprobe has 0 polygons
2026-09-02 14:06:57 -0400: Memory Usage (416528K) : metal2_diffprb has 0 polygons
2026-09-02 14:06:57 -0400: Memory Usage (416792K) : baspoly_drw has 0 polygons
2026-09-02 14:06:57 -0400: Memory Usage (416792K) : baspoly_pin has 0 polygons
2026-09-02 14:06:57 -0400: Memory Usage (416792K) : psd_drw has 20 polygons
2026-09-02 14:06:57 -0400: Memory Usage (416792K) : nldb_drw has 0 polygons
2026-09-02 14:06:57 -0400: Memory Usage (416792K) : digibnd_drw has 0 polygons
2026-09-02 14:06:57 -0400: Memory Usage (416792K) : via1_drw has 446 polygons
2026-09-02 14:06:57 -0400: Memory Usage (417056K) : backmetal1_drw has 0 polygons
2026-09-02 14:06:57 -0400: Memory Usage (417056K) : backmetal1_pin has 0 polygons
2026-09-02 14:06:57 -0400: Memory Usage (417056K) : backmetal1_mask has 0 polygons
2026-09-02 14:06:57 -0400: Memory Usage (417056K) : backmetal1_filler has 0 polygons
2026-09-02 14:06:57 -0400: Memory Usage (417056K) : backmetal1_nofill has 0 polygons
2026-09-02 14:06:57 -0400: Memory Usage (417056K) : backmetal1_slit has 0 polygons
2026-09-02 14:06:57 -0400: Memory Usage (417320K) : backmetal1_text has 0 polygons
2026-09-02 14:06:57 -0400: Memory Usage (417320K) : backmetal1_opc has 0 polygons
2026-09-02 14:06:57 -0400: Memory Usage (417320K) : backmetal1_noqrc has 0 polygons
2026-09-02 14:06:57 -0400: Memory Usage (417320K) : backmetal1_res has 0 polygons
2026-09-02 14:06:57 -0400: Memory Usage (417320K) : backmetal1_iprobe has 0 polygons
2026-09-02 14:06:57 -0400: Memory Usage (417320K) : backmetal1_diffprb has 0 polygons
2026-09-02 14:06:57 -0400: Memory Usage (417584K) : backpassiv_drw has 0 polygons
2026-09-02 14:06:57 -0400: Memory Usage (417584K) : res_drw has 12 polygons
2026-09-02 14:06:57 -0400: Memory Usage (417584K) : sram_drw has 0 polygons
2026-09-02 14:06:57 -0400: Memory Usage (417584K) : trans_drw has 12 polygons
2026-09-02 14:06:57 -0400: Memory Usage (417584K) : ind_drw has 0 polygons
2026-09-02 14:06:57 -0400: Memory Usage (417848K) : ind_pin has 0 polygons
2026-09-02 14:06:57 -0400: Memory Usage (417848K) : ind_text has 0 polygons
2026-09-02 14:06:57 -0400: Memory Usage (417848K) : salblock_drw has 0 polygons
2026-09-02 14:06:57 -0400: Memory Usage (417848K) : via2_drw has 184 polygons
2026-09-02 14:06:57 -0400: Memory Usage (417848K) : metal3_drw has 24 polygons
2026-09-02 14:06:57 -0400: Memory Usage (417848K) : metal3_pin has 0 polygons
2026-09-02 14:06:57 -0400: Memory Usage (418112K) : metal3_mask has 0 polygons
2026-09-02 14:06:57 -0400: Memory Usage (418112K) : metal3_filler has 0 polygons
2026-09-02 14:06:57 -0400: Memory Usage (418112K) : metal3_nofill has 0 polygons
2026-09-02 14:06:57 -0400: Memory Usage (418112K) : metal3_slit has 0 polygons
2026-09-02 14:06:57 -0400: Memory Usage (418112K) : metal3_text has 4 polygons
2026-09-02 14:06:57 -0400: Memory Usage (418112K) : metal3_opc has 0 polygons
2026-09-02 14:06:57 -0400: Memory Usage (418112K) : metal3_noqrc has 0 polygons
2026-09-02 14:06:57 -0400: Memory Usage (418112K) : metal3_res has 0 polygons
2026-09-02 14:06:57 -0400: Memory Usage (418112K) : metal3_iprobe has 0 polygons
2026-09-02 14:06:57 -0400: Memory Usage (418112K) : metal3_diffprb has 0 polygons
2026-09-02 14:06:57 -0400: Memory Usage (418376K) : nwell_drw has 0 polygons
2026-09-02 14:06:57 -0400: Memory Usage (418376K) : nwell_pin has 0 polygons
2026-09-02 14:06:57 -0400: Memory Usage (418376K) : nbulay_drw has 0 polygons
2026-09-02 14:06:57 -0400: Memory Usage (418376K) : nbulay_pin has 0 polygons
2026-09-02 14:06:57 -0400: Memory Usage (418376K) : nbulay_block has 0 polygons
2026-09-02 14:06:57 -0400: Memory Usage (418376K) : emwind_drw has 36 polygons
2026-09-02 14:06:57 -0400: Memory Usage (418376K) : emwind_opc has 0 polygons
2026-09-02 14:06:57 -0400: Memory Usage (418640K) : deepco_drw has 0 polygons
2026-09-02 14:06:57 -0400: Memory Usage (418640K) : deepco_drw has 0 polygons
2026-09-02 14:06:57 -0400: Memory Usage (418640K) : mim_drw has 3 polygons
2026-09-02 14:06:57 -0400: Memory Usage (418640K) : edgeseal_drw has 0 polygons
2026-09-02 14:06:57 -0400: Memory Usage (418640K) : edgeseal_bound has 0 polygons
2026-09-02 14:06:57 -0400: Memory Usage (418640K) : substrate_drw has 0 polygons
2026-09-02 14:06:57 -0400: Memory Usage (418904K) : substrate_text has 0 polygons
2026-09-02 14:06:57 -0400: Memory Usage (418904K) : dfpad_drw has 0 polygons
2026-09-02 14:06:57 -0400: Memory Usage (418904K) : dfpad_pillar has 0 polygons
2026-09-02 14:06:57 -0400: Memory Usage (418904K) : dfpad_sbump has 0 polygons
2026-09-02 14:06:57 -0400: Memory Usage (418904K) : thickgateox_drw has 0 polygons
2026-09-02 14:06:57 -0400: Memory Usage (418904K) : pldb_drw has 0 polygons
2026-09-02 14:06:57 -0400: Memory Usage (419168K) : pwell_drw has 0 polygons
2026-09-02 14:06:57 -0400: Memory Usage (419168K) : pwell_pin has 0 polygons
2026-09-02 14:06:57 -0400: Memory Usage (419168K) : pwell_block has 0 polygons
2026-09-02 14:06:57 -0400: Memory Usage (419168K) : ic_drw has 0 polygons
2026-09-02 14:06:57 -0400: Memory Usage (419168K) : via3_drw has 144 polygons
2026-09-02 14:06:57 -0400: Memory Usage (419168K) : metal4_drw has 16 polygons
2026-09-02 14:06:57 -0400: Memory Usage (419432K) : metal4_pin has 0 polygons
2026-09-02 14:06:57 -0400: Memory Usage (419432K) : metal4_mask has 0 polygons
2026-09-02 14:06:57 -0400: Memory Usage (419432K) : metal4_filler has 0 polygons
2026-09-02 14:06:57 -0400: Memory Usage (419432K) : metal4_nofill has 3 polygons
2026-09-02 14:06:57 -0400: Memory Usage (419432K) : metal4_slit has 0 polygons
2026-09-02 14:06:57 -0400: Memory Usage (419432K) : metal4_text has 0 polygons
2026-09-02 14:06:57 -0400: Memory Usage (419696K) : metal4_opc has 0 polygons
2026-09-02 14:06:57 -0400: Memory Usage (419696K) : metal4_noqrc has 0 polygons
2026-09-02 14:06:57 -0400: Memory Usage (419696K) : metal4_res has 0 polygons
2026-09-02 14:06:57 -0400: Memory Usage (419696K) : metal4_iprobe has 0 polygons
2026-09-02 14:06:57 -0400: Memory Usage (419696K) : metal4_diffprb has 0 polygons
2026-09-02 14:06:57 -0400: Memory Usage (419696K) : heattrans_drw has 0 polygons
2026-09-02 14:06:57 -0400: Memory Usage (419960K) : heatres_drw has 12 polygons
2026-09-02 14:06:57 -0400: Memory Usage (419960K) : pempoly_drw has 0 polygons
2026-09-02 14:06:57 -0400: Memory Usage (419960K) : fbe_drw has 0 polygons
2026-09-02 14:06:57 -0400: Memory Usage (419960K) : empoly_drw has 0 polygons
2026-09-02 14:06:57 -0400: Memory Usage (419960K) : ldmos_drw has 0 polygons
2026-09-02 14:06:57 -0400: Memory Usage (420224K) : pbiwind_drw has 0 polygons
2026-09-02 14:06:57 -0400: Memory Usage (420224K) : digisub_drw has 0 polygons
2026-09-02 14:06:57 -0400: Memory Usage (420224K) : nodrc_drw has 0 polygons
2026-09-02 14:06:57 -0400: Memory Usage (420224K) : text_drw has 72 polygons
2026-09-02 14:06:57 -0400: Memory Usage (420224K) : via4_drw has 144 polygons
2026-09-02 14:06:57 -0400: Memory Usage (420224K) : metal5_drw has 16 polygons
2026-09-02 14:06:57 -0400: Memory Usage (420488K) : metal5_pin has 3 polygons
2026-09-02 14:06:57 -0400: Memory Usage (420488K) : metal5_mask has 0 polygons
2026-09-02 14:06:57 -0400: Memory Usage (420488K) : metal5_filler has 0 polygons
2026-09-02 14:06:57 -0400: Memory Usage (420488K) : metal5_nofill has 3 polygons
2026-09-02 14:06:57 -0400: Memory Usage (420488K) : metal5_slit has 0 polygons
2026-09-02 14:06:57 -0400: Memory Usage (420752K) : metal5_text has 0 polygons
2026-09-02 14:06:57 -0400: Memory Usage (420752K) : metal5_opc has 0 polygons
2026-09-02 14:06:57 -0400: Memory Usage (420752K) : metal5_noqrc has 0 polygons
2026-09-02 14:06:57 -0400: Memory Usage (420752K) : metal5_res has 0 polygons
2026-09-02 14:06:57 -0400: Memory Usage (420752K) : metal5_iprobe has 0 polygons
2026-09-02 14:06:57 -0400: Memory Usage (420752K) : metal5_diffprb has 0 polygons
2026-09-02 14:06:57 -0400: Memory Usage (420752K) : radhard_drw has 0 polygons
2026-09-02 14:06:57 -0400: Memory Usage (421016K) : memcap_drw has 3 polygons
2026-09-02 14:06:57 -0400: Memory Usage (421016K) : varicap_drw has 0 polygons
2026-09-02 14:06:57 -0400: Memory Usage (421016K) : flash_drw has 0 polygons
2026-09-02 14:06:57 -0400: Memory Usage (421016K) : intbondvia_drw has 0 polygons
2026-09-02 14:06:57 -0400: Memory Usage (421016K) : intbondmet_drw has 0 polygons
2026-09-02 14:06:57 -0400: Memory Usage (421280K) : devbondvia_drw has 0 polygons
2026-09-02 14:06:57 -0400: Memory Usage (421280K) : devbondmet_drw has 0 polygons
2026-09-02 14:06:57 -0400: Memory Usage (421280K) : devtrench_drw has 0 polygons
2026-09-02 14:06:57 -0400: Memory Usage (421280K) : redist_drw has 0 polygons
2026-09-02 14:06:57 -0400: Memory Usage (421280K) : graphbot_drw has 0 polygons
2026-09-02 14:06:57 -0400: Memory Usage (421280K) : graphtop_drw has 0 polygons
2026-09-02 14:06:57 -0400: Memory Usage (421544K) : antvia1_drw has 0 polygons
2026-09-02 14:06:57 -0400: Memory Usage (421544K) : antmetal2_drw has 0 polygons
2026-09-02 14:06:57 -0400: Memory Usage (421544K) : graphcont_drw has 0 polygons
2026-09-02 14:06:57 -0400: Memory Usage (421544K) : siwg_drw has 0 polygons
2026-09-02 14:06:57 -0400: Memory Usage (421544K) : siwg_filler has 0 polygons
2026-09-02 14:06:57 -0400: Memory Usage (421808K) : siwg_nofill has 0 polygons
2026-09-02 14:06:57 -0400: Memory Usage (421808K) : sigrating_drw has 0 polygons
2026-09-02 14:06:57 -0400: Memory Usage (421808K) : singrating_drw has 0 polygons
2026-09-02 14:06:57 -0400: Memory Usage (421808K) : graphpas_drw has 0 polygons
2026-09-02 14:06:57 -0400: Memory Usage (421808K) : emwind3_drw has 0 polygons
2026-09-02 14:06:57 -0400: Memory Usage (421808K) : emwihv3_drw has 0 polygons
2026-09-02 14:06:57 -0400: Memory Usage (422072K) : redbulay_drw has 0 polygons
2026-09-02 14:06:57 -0400: Memory Usage (422072K) : smos_drw has 0 polygons
2026-09-02 14:06:57 -0400: Memory Usage (422072K) : graphpad_drw has 0 polygons
2026-09-02 14:06:57 -0400: Memory Usage (422072K) : polimide_drw has 0 polygons
2026-09-02 14:06:57 -0400: Memory Usage (422072K) : polimide_pin has 0 polygons
2026-09-02 14:06:57 -0400: Memory Usage (422336K) : recog_drw has 0 polygons
2026-09-02 14:06:57 -0400: Memory Usage (422336K) : recog_pin has 0 polygons
2026-09-02 14:06:57 -0400: Memory Usage (422336K) : recog_esd has 0 polygons
2026-09-02 14:06:57 -0400: Memory Usage (422336K) : recog_diode has 0 polygons
2026-09-02 14:06:57 -0400: Memory Usage (422336K) : recog_tsv has 0 polygons
2026-09-02 14:06:57 -0400: Memory Usage (422336K) : recog_iprobe has 0 polygons
2026-09-02 14:06:57 -0400: Memory Usage (422600K) : recog_diffprb has 0 polygons
2026-09-02 14:06:57 -0400: Memory Usage (422600K) : recog_pillar has 0 polygons
2026-09-02 14:06:57 -0400: Memory Usage (422600K) : recog_sbump has 0 polygons
2026-09-02 14:06:57 -0400: Memory Usage (422600K) : recog_otp has 0 polygons
2026-09-02 14:06:57 -0400: Memory Usage (422600K) : recog_pdiode has 0 polygons
2026-09-02 14:06:57 -0400: Memory Usage (422600K) : recog_mom has 0 polygons
2026-09-02 14:06:57 -0400: Memory Usage (422600K) : recog_pcm has 0 polygons
2026-09-02 14:06:57 -0400: Memory Usage (422864K) : colopen_drw has 0 polygons
2026-09-02 14:06:57 -0400: Memory Usage (422864K) : graphmetal1_drw has 0 polygons
2026-09-02 14:06:57 -0400: Memory Usage (422864K) : graphmetal1_filler has 0 polygons
2026-09-02 14:06:57 -0400: Memory Usage (422864K) : graphmetal1_nofill has 0 polygons
2026-09-02 14:06:57 -0400: Memory Usage (422864K) : graphmetal1_slit has 0 polygons
2026-09-02 14:06:57 -0400: Memory Usage (422864K) : graphmetal1_opc has 0 polygons
2026-09-02 14:06:57 -0400: Memory Usage (422864K) : graphmet1l_drw has 0 polygons
2026-09-02 14:06:57 -0400: Memory Usage (423128K) : graphmet1l_filler has 0 polygons
2026-09-02 14:06:57 -0400: Memory Usage (423128K) : graphmet1l_nofill has 0 polygons
2026-09-02 14:06:57 -0400: Memory Usage (423128K) : graphmet1l_slit has 0 polygons
2026-09-02 14:06:57 -0400: Memory Usage (423128K) : graphmet1l_opc has 0 polygons
2026-09-02 14:06:57 -0400: Memory Usage (423128K) : extblock_drw has 12 polygons
2026-09-02 14:06:57 -0400: Memory Usage (423128K) : nldd_drw has 0 polygons
2026-09-02 14:06:57 -0400: Memory Usage (423392K) : pldd_drw has 0 polygons
2026-09-02 14:06:57 -0400: Memory Usage (423392K) : next_drw has 0 polygons
2026-09-02 14:06:57 -0400: Memory Usage (423392K) : pext_drw has 0 polygons
2026-09-02 14:06:57 -0400: Memory Usage (423392K) : nexthv_drw has 0 polygons
2026-09-02 14:06:57 -0400: Memory Usage (423392K) : pexthv_drw has 0 polygons
2026-09-02 14:06:57 -0400: Memory Usage (423656K) : graphgate_drw has 0 polygons
2026-09-02 14:06:57 -0400: Memory Usage (423656K) : sinwg_drw has 0 polygons
2026-09-02 14:06:57 -0400: Memory Usage (423656K) : sinwg_filler has 0 polygons
2026-09-02 14:06:57 -0400: Memory Usage (423656K) : sinwg_nofill has 0 polygons
2026-09-02 14:06:57 -0400: Memory Usage (423656K) : mempad_drw has 0 polygons
2026-09-02 14:06:57 -0400: Memory Usage (423656K) : topvia1_drw has 13 polygons
2026-09-02 14:06:57 -0400: Memory Usage (423920K) : topmetal1_drw has 10 polygons
2026-09-02 14:06:57 -0400: Memory Usage (423920K) : topmetal1_pin has 3 polygons
2026-09-02 14:06:57 -0400: Memory Usage (423920K) : topmetal1_mask has 0 polygons
2026-09-02 14:06:57 -0400: Memory Usage (423920K) : topmetal1_filler has 0 polygons
2026-09-02 14:06:57 -0400: Memory Usage (423920K) : topmetal1_nofill has 3 polygons
2026-09-02 14:06:57 -0400: Memory Usage (423920K) : topmetal1_slit has 0 polygons
2026-09-02 14:06:57 -0400: Memory Usage (423920K) : topmetal1_text has 1 polygons
2026-09-02 14:06:57 -0400: Memory Usage (424184K) : topmetal1_noqrc has 0 polygons
2026-09-02 14:06:57 -0400: Memory Usage (424184K) : topmetal1_res has 0 polygons
2026-09-02 14:06:57 -0400: Memory Usage (424184K) : topmetal1_iprobe has 0 polygons
2026-09-02 14:06:57 -0400: Memory Usage (424184K) : topmetal1_diffprb has 0 polygons
2026-09-02 14:06:57 -0400: Memory Usage (424184K) : inldpwl_drw has 0 polygons
2026-09-02 14:06:57 -0400: Memory Usage (424184K) : polyres_drw has 12 polygons
2026-09-02 14:06:57 -0400: Memory Usage (424448K) : polyres_pin has 0 polygons
2026-09-02 14:06:57 -0400: Memory Usage (424448K) : vmim_drw has 12 polygons
2026-09-02 14:06:57 -0400: Memory Usage (424448K) : nbulaycut_drw has 0 polygons
2026-09-02 14:06:57 -0400: Memory Usage (424448K) : antmetal1_drw has 0 polygons
2026-09-02 14:06:57 -0400: Memory Usage (424448K) : topvia2_drw has 6 polygons
2026-09-02 14:06:57 -0400: Memory Usage (424712K) : topmetal2_drw has 2 polygons
2026-09-02 14:06:57 -0400: Memory Usage (424712K) : topmetal2_pin has 0 polygons
2026-09-02 14:06:57 -0400: Memory Usage (424712K) : topmetal2_mask has 0 polygons
2026-09-02 14:06:57 -0400: Memory Usage (424712K) : topmetal2_filler has 0 polygons
2026-09-02 14:06:57 -0400: Memory Usage (424712K) : topmetal2_nofill has 3 polygons
2026-09-02 14:06:57 -0400: Memory Usage (424712K) : topmetal2_slit has 0 polygons
2026-09-02 14:06:57 -0400: Memory Usage (424976K) : topmetal2_text has 2 polygons
2026-09-02 14:06:57 -0400: Memory Usage (424976K) : topmetal2_noqrc has 0 polygons
2026-09-02 14:06:57 -0400: Memory Usage (424976K) : topmetal2_res has 0 polygons
2026-09-02 14:06:57 -0400: Memory Usage (424976K) : topmetal2_iprobe has 0 polygons
2026-09-02 14:06:57 -0400: Memory Usage (424976K) : topmetal2_diffprb has 0 polygons
2026-09-02 14:06:57 -0400: Memory Usage (424976K) : snsring_drw has 0 polygons
2026-09-02 14:06:57 -0400: Memory Usage (425240K) : sensor_drw has 0 polygons
2026-09-02 14:06:57 -0400: Memory Usage (425240K) : snsarms_drw has 0 polygons
2026-09-02 14:06:57 -0400: Memory Usage (425240K) : snscmosvia_drw has 0 polygons
2026-09-02 14:06:57 -0400: Memory Usage (425240K) : colwind_drw has 0 polygons
2026-09-02 14:06:57 -0400: Memory Usage (425240K) : flm_drw has 0 polygons
2026-09-02 14:06:57 -0400: Memory Usage (425504K) : hafniumox_drw has 0 polygons
2026-09-02 14:06:57 -0400: Memory Usage (425504K) : memvia_drw has 0 polygons
2026-09-02 14:06:57 -0400: Memory Usage (425504K) : thinfilmres_drw has 0 polygons
2026-09-02 14:06:57 -0400: Memory Usage (425504K) : rfmem_drw has 0 polygons
2026-09-02 14:06:57 -0400: Memory Usage (425504K) : norcx_drw has 0 polygons
2026-09-02 14:06:57 -0400: Memory Usage (425504K) : norcx_m2m3 has 0 polygons
2026-09-02 14:06:57 -0400: Memory Usage (425504K) : norcx_m2m4 has 0 polygons
2026-09-02 14:06:57 -0400: Memory Usage (425768K) : norcx_m2m5 has 0 polygons
2026-09-02 14:06:57 -0400: Memory Usage (425768K) : norcx_m2tm1 has 0 polygons
2026-09-02 14:06:57 -0400: Memory Usage (425768K) : norcx_m2tm2 has 0 polygons
2026-09-02 14:06:57 -0400: Memory Usage (425768K) : norcx_m3m4 has 0 polygons
2026-09-02 14:06:57 -0400: Memory Usage (425768K) : norcx_m3m5 has 0 polygons
2026-09-02 14:06:57 -0400: Memory Usage (425768K) : norcx_m3tm1 has 0 polygons
2026-09-02 14:06:57 -0400: Memory Usage (425768K) : norcx_m3tm2 has 0 polygons
2026-09-02 14:06:57 -0400: Memory Usage (426032K) : norcx_m4m5 has 0 polygons
2026-09-02 14:06:57 -0400: Memory Usage (426032K) : norcx_m4tm1 has 0 polygons
2026-09-02 14:06:57 -0400: Memory Usage (426032K) : norcx_m4tm2 has 0 polygons
2026-09-02 14:06:57 -0400: Memory Usage (426032K) : norcx_m5tm1 has 0 polygons
2026-09-02 14:06:57 -0400: Memory Usage (426032K) : norcx_m5tm2 has 0 polygons
2026-09-02 14:06:57 -0400: Memory Usage (426032K) : norcx_tm1tm2 has 0 polygons
2026-09-02 14:06:57 -0400: Memory Usage (426032K) : norcx_m1sub has 0 polygons
2026-09-02 14:06:57 -0400: Memory Usage (426032K) : norcx_m2sub has 0 polygons
2026-09-02 14:06:57 -0400: Memory Usage (426296K) : norcx_m3sub has 0 polygons
2026-09-02 14:06:57 -0400: Memory Usage (426296K) : norcx_m4sub has 0 polygons
2026-09-02 14:06:57 -0400: Memory Usage (426296K) : norcx_m5sub has 0 polygons
2026-09-02 14:06:57 -0400: Memory Usage (426296K) : norcx_tm1sub has 0 polygons
2026-09-02 14:06:57 -0400: Memory Usage (426296K) : norcx_tm2sub has 0 polygons
2026-09-02 14:06:57 -0400: Memory Usage (426296K) : snsbotvia_drw has 0 polygons
2026-09-02 14:06:57 -0400: Memory Usage (426560K) : snstopvia_drw has 0 polygons
2026-09-02 14:06:57 -0400: Memory Usage (426560K) : deepvia_drw has 0 polygons
2026-09-02 14:06:57 -0400: Memory Usage (426560K) : fgetch_drw has 0 polygons
2026-09-02 14:06:57 -0400: Memory Usage (426560K) : ctrgat_drw has 0 polygons
2026-09-02 14:06:57 -0400: Memory Usage (426560K) : fgimp_drw has 0 polygons
2026-09-02 14:06:57 -0400: Memory Usage (426560K) : emwihv_drw has 0 polygons
2026-09-02 14:06:57 -0400: Memory Usage (426824K) : lbe_drw has 0 polygons
2026-09-02 14:06:57 -0400: Memory Usage (426824K) : alcustop_drw has 0 polygons
2026-09-02 14:06:57 -0400: Memory Usage (426824K) : nometfiller_drw has 0 polygons
2026-09-02 14:06:57 -0400: Memory Usage (426824K) : prboundary_drw has 0 polygons
2026-09-02 14:06:57 -0400: Memory Usage (426824K) : exchange0_drw has 0 polygons
2026-09-02 14:06:57 -0400: Memory Usage (426824K) : exchange0_pin has 0 polygons
2026-09-02 14:06:57 -0400: Memory Usage (426824K) : exchange0_text has 0 polygons
2026-09-02 14:06:57 -0400: Memory Usage (427088K) : exchange1_drw has 0 polygons
2026-09-02 14:06:57 -0400: Memory Usage (427088K) : exchange1_pin has 0 polygons
2026-09-02 14:06:57 -0400: Memory Usage (427088K) : exchange1_text has 0 polygons
2026-09-02 14:06:57 -0400: Memory Usage (427088K) : exchange2_drw has 0 polygons
2026-09-02 14:06:57 -0400: Memory Usage (427088K) : exchange2_pin has 0 polygons
2026-09-02 14:06:57 -0400: Memory Usage (427088K) : exchange2_text has 0 polygons
2026-09-02 14:06:57 -0400: Memory Usage (427352K) : exchange3_drw has 0 polygons
2026-09-02 14:06:57 -0400: Memory Usage (427352K) : exchange3_pin has 0 polygons
2026-09-02 14:06:57 -0400: Memory Usage (427352K) : exchange3_text has 0 polygons
2026-09-02 14:06:57 -0400: Memory Usage (427352K) : exchange4_drw has 0 polygons
2026-09-02 14:06:57 -0400: Memory Usage (427352K) : exchange4_pin has 0 polygons
2026-09-02 14:06:57 -0400: Memory Usage (427352K) : exchange4_text has 0 polygons
2026-09-02 14:06:57 -0400: Memory Usage (427616K) : isonwell_drw has 0 polygons
2026-09-02 14:06:57 -0400: Memory Usage (427616K) : Total no. of polygons in the design is 2488
2026-09-02 14:06:57 -0400: Memory Usage (427616K) : Loaded TECH DRC rules values from /home/noorizad/local/pdks/ihp-sg13g2/libs.tech/klayout/python/sg13g2_pycell_lib/sg13g2_tech_mod.json
2026-09-02 14:06:57 -0400: Memory Usage (427616K) : Loaded default DRC rules values from /home/noorizad/local/pdks/ihp-sg13g2/libs.tech/klayout/tech/drc/rule_decks/sg13g2_tech_default.json
2026-09-02 14:06:57 -0400: Memory Usage (427616K) : The following rules values were missing in tech json and default values were used:
2026-09-02 14:06:57 -0400: Memory Usage (427616K) :   - Cnt_c_digibnd
2026-09-02 14:06:57 -0400: Memory Usage (427616K) : Total area of the design is 7166.172 um^2.
2026-09-02 14:06:57 -0400: Memory Usage (427616K) : The design dimensions are 97.05000000000001 µm * 73.84 µm.
2026-09-02 14:06:57 -0400: Memory Usage (427616K) : Starting general IHP-SG13G2 derivations.
2026-09-02 14:06:57 -0400: Memory Usage (427616K) : Starting Pwell derivations
2026-09-02 14:06:57 -0400: Memory Usage (428804K) : Starting n-Activ derivations
2026-09-02 14:06:57 -0400: Memory Usage (453932K) : Starting p-Activ derivations
2026-09-02 14:06:57 -0400: Memory Usage (447852K) : Starting ptap derivations
2026-09-02 14:06:57 -0400: Memory Usage (437948K) : Starting ntap derivations
2026-09-02 14:06:57 -0400: Memory Usage (437200K) : Starting pact FET derivations
2026-09-02 14:06:57 -0400: Memory Usage (436688K) : Starting nact FET derivations
2026-09-02 14:06:57 -0400: Memory Usage (450036K) : Starting Gate derivations
2026-09-02 14:06:57 -0400: Memory Usage (437444K) : Starting cont/contbar general derivations
2026-09-02 14:06:57 -0400: Memory Usage (454820K) : Starting pad general derivations
2026-09-02 14:06:57 -0400: Memory Usage (436820K) : Starting IHP-SG13G2 DRC connectivity related derivations.
2026-09-02 14:06:57 -0400: Memory Usage (455760K) : Starting IHP-SG13G2 DRC connectivity setup
2026-09-02 14:06:57 -0400: Memory Usage (437632K) : Starting IHP-SG13G2 DRC rules.
2026-09-02 14:06:57 -0400: Memory Usage (437632K) : Running all FEOL rules
2026-09-02 14:06:57 -0400: Memory Usage (437632K) : Running all BEOL rules
2026-09-02 14:06:57 -0400: Memory Usage (437632K) : Starting 3.2. FORBIDDEN table
2026-09-02 14:06:57 -0400: Memory Usage (437632K) : Executing rule forbidden.biwind
2026-09-02 14:06:57 -0400: Memory Usage (437632K) : Executing rule forbidden.pemwind
2026-09-02 14:06:57 -0400: Memory Usage (438016K) : Executing rule forbidden.baspoly
2026-09-02 14:06:57 -0400: Memory Usage (438016K) : Executing rule forbidden.deepco
2026-09-02 14:06:57 -0400: Memory Usage (438016K) : Executing rule forbidden.pempoly
2026-09-02 14:06:57 -0400: Memory Usage (438016K) : Executing rule forbidden.empoly
2026-09-02 14:06:57 -0400: Memory Usage (438016K) : Executing rule forbidden.ldmos
2026-09-02 14:06:57 -0400: Memory Usage (438016K) : Executing rule forbidden.pbiwind
2026-09-02 14:06:57 -0400: Memory Usage (438280K) : Executing rule forbidden.nodrc
2026-09-02 14:06:57 -0400: Memory Usage (438280K) : Executing rule forbidden.flash
2026-09-02 14:06:57 -0400: Memory Usage (438280K) : Executing rule forbidden.colwind
2026-09-02 14:06:57 -0400: Memory Usage (438280K) : Starting 5.1 NWell table
2026-09-02 14:06:57 -0400: Memory Usage (438280K) : Executing rule NW.b
2026-09-02 14:06:57 -0400: Memory Usage (438280K) : Executing rule NW.b1
2026-09-02 14:06:57 -0400: Memory Usage (438280K) : Starting 5.2 PWell:block
2026-09-02 14:06:57 -0400: Memory Usage (438280K) : Executing rule PWB.e
2026-09-02 14:06:57 -0400: Memory Usage (438280K) : Executing rule PWB.e1
2026-09-02 14:06:57 -0400: Memory Usage (438280K) : Executing rule PWB.f
2026-09-02 14:06:57 -0400: Memory Usage (438280K) : Executing rule PWB.f1
2026-09-02 14:06:57 -0400: Memory Usage (438280K) : Starting 5.3 nBuLay table
2026-09-02 14:06:57 -0400: Memory Usage (438280K) : Executing rule NBL.b
2026-09-02 14:06:57 -0400: Memory Usage (438280K) : Executing rule NBL.c
2026-09-02 14:06:57 -0400: Memory Usage (438280K) : Executing rule NBL.d
2026-09-02 14:06:57 -0400: Memory Usage (438280K) : Executing rule NBL.e
2026-09-02 14:06:57 -0400: Memory Usage (438280K) : Executing rule NBL.f
2026-09-02 14:06:57 -0400: Memory Usage (438280K) : Starting 5.5. Activ table
2026-09-02 14:06:57 -0400: Memory Usage (438280K) : Executing rule Act.a
2026-09-02 14:06:57 -0400: Memory Usage (438280K) : Executing rule Act.b
2026-09-02 14:06:57 -0400: Memory Usage (440492K) : Starting 5.6 Activ:filler table
2026-09-02 14:06:57 -0400: Memory Usage (439372K) : Executing rule AFil.c1
2026-09-02 14:06:57 -0400: Memory Usage (438884K) : Executing rule AFil.c
2026-09-02 14:06:57 -0400: Memory Usage (438884K) : Executing rule AFil.d
2026-09-02 14:06:57 -0400: Memory Usage (438884K) : Executing rule AFil.e
2026-09-02 14:06:57 -0400: Memory Usage (438884K) : Executing rule AFil.j
2026-09-02 14:06:57 -0400: Memory Usage (438884K) : Starting 5.7. ThickGateOx table
2026-09-02 14:06:57 -0400: Memory Usage (438884K) : Executing rule TGO.f
2026-09-02 14:06:57 -0400: Memory Usage (438884K) : Starting 5.8. GatPoly table
2026-09-02 14:06:57 -0400: Memory Usage (438884K) : Executing rule Gat.a
2026-09-02 14:06:57 -0400: Memory Usage (438884K) : Executing rule Gat.b
2026-09-02 14:06:57 -0400: Memory Usage (440304K) : Executing rule Gat.d
2026-09-02 14:06:57 -0400: Memory Usage (440452K) : Executing rule Gat.a1
2026-09-02 14:06:57 -0400: Memory Usage (440284K) : Executing rule Gat.a2
2026-09-02 14:06:57 -0400: Memory Usage (440264K) : Executing rule Gat.g
2026-09-02 14:06:57 -0400: Memory Usage (440856K) : Starting 5.9 GatPoly:filler
2026-09-02 14:06:57 -0400: Memory Usage (439184K) : Executing rule GFil.d
2026-09-02 14:06:57 -0400: Memory Usage (439184K) : Executing rule GFil.e
2026-09-02 14:06:57 -0400: Memory Usage (439184K) : Executing rule GFil.i
2026-09-02 14:06:57 -0400: Memory Usage (439184K) : Starting 5.10 pSD table
2026-09-02 14:06:57 -0400: Memory Usage (439184K) : Executing rule pSD.c1
2026-09-02 14:06:57 -0400: Memory Usage (440668K) : Starting 5.14. Cont table
2026-09-02 14:06:57 -0400: Memory Usage (440580K) : Executing rule Cnt.a
2026-09-02 14:06:57 -0400: Memory Usage (439308K) : Executing rule Cnt.b
2026-09-02 14:06:57 -0400: Memory Usage (440968K) : Executing rule Cnt.c
2026-09-02 14:06:57 -0400: Memory Usage (441564K) : Executing rule Cnt.c
2026-09-02 14:06:57 -0400: Memory Usage (440392K) : Executing rule Cnt.d
2026-09-02 14:06:57 -0400: Memory Usage (440840K) : Executing rule Cnt.e
2026-09-02 14:06:57 -0400: Memory Usage (440884K) : Executing rule Cnt.g1
2026-09-02 14:06:57 -0400: Memory Usage (440836K) : Executing rule Cnt.g2
2026-09-02 14:06:57 -0400: Memory Usage (441712K) : Starting 5.15. ContBar table
2026-09-02 14:06:57 -0400: Memory Usage (441664K) : Executing rule CntB.b1
2026-09-02 14:06:57 -0400: Memory Usage (442332K) : Executing rule CntB.h1
2026-09-02 14:06:58 -0400: Memory Usage (442024K) : Starting 5.16. Metal1 table
2026-09-02 14:06:58 -0400: Memory Usage (441984K) : Executing rule M1.a
2026-09-02 14:06:58 -0400: Memory Usage (440432K) : Executing rule M1.b
2026-09-02 14:06:58 -0400: Memory Usage (438848K) : Executing rule M1.e
2026-09-02 14:06:58 -0400: Memory Usage (439968K) : Executing rule M1.f
2026-09-02 14:06:58 -0400: Memory Usage (438888K) : Executing rule M1.g
2026-09-02 14:06:58 -0400: Memory Usage (439724K) : Executing rule M1.i
2026-09-02 14:06:58 -0400: Memory Usage (440388K) : Starting 5.17 Metaln table
2026-09-02 14:06:58 -0400: Memory Usage (440324K) : Executing rule M2.a
2026-09-02 14:06:58 -0400: Memory Usage (438876K) : Executing rule M2.b
2026-09-02 14:06:58 -0400: Memory Usage (440204K) : Executing rule M2.e
2026-09-02 14:06:58 -0400: Memory Usage (465000K) : Executing rule M2.f
2026-09-02 14:06:58 -0400: Memory Usage (438884K) : Executing rule M2.g
2026-09-02 14:06:58 -0400: Memory Usage (440356K) : Executing rule M2.i
2026-09-02 14:06:58 -0400: Memory Usage (440188K) : Executing rule M3.a
2026-09-02 14:06:58 -0400: Memory Usage (438764K) : Executing rule M3.b
2026-09-02 14:06:58 -0400: Memory Usage (440068K) : Executing rule M3.e
2026-09-02 14:06:58 -0400: Memory Usage (440244K) : Executing rule M3.f
2026-09-02 14:06:58 -0400: Memory Usage (438844K) : Executing rule M3.g
2026-09-02 14:06:58 -0400: Memory Usage (460812K) : Executing rule M3.i
2026-09-02 14:06:58 -0400: Memory Usage (439852K) : Executing rule M4.a
2026-09-02 14:06:58 -0400: Memory Usage (438724K) : Executing rule M4.b
2026-09-02 14:06:58 -0400: Memory Usage (440536K) : Executing rule M4.e
2026-09-02 14:06:58 -0400: Memory Usage (440164K) : Executing rule M4.f
2026-09-02 14:06:58 -0400: Memory Usage (438836K) : Executing rule M4.g
2026-09-02 14:06:58 -0400: Memory Usage (440596K) : Executing rule M4.i
2026-09-02 14:06:58 -0400: Memory Usage (440088K) : Executing rule M5.a
2026-09-02 14:06:58 -0400: Memory Usage (438968K) : Executing rule M5.b
2026-09-02 14:06:58 -0400: Memory Usage (440640K) : Executing rule M5.e
2026-09-02 14:06:58 -0400: Memory Usage (440060K) : Executing rule M5.f
2026-09-02 14:06:58 -0400: Memory Usage (438900K) : Executing rule M5.g
2026-09-02 14:06:58 -0400: Memory Usage (440544K) : Executing rule M5.i
2026-09-02 14:06:58 -0400: Memory Usage (440588K) : Starting 5.18 Metaln:filler table
2026-09-02 14:06:58 -0400: Memory Usage (440532K) : Executing rule M1Fil.c
2026-09-02 14:06:58 -0400: Memory Usage (439444K) : Executing rule M1Fil.a2
2026-09-02 14:06:58 -0400: Memory Usage (439012K) : Executing rule M2Fil.c
2026-09-02 14:06:58 -0400: Memory Usage (439012K) : Executing rule M2Fil.a2
2026-09-02 14:06:58 -0400: Memory Usage (439012K) : Executing rule M3Fil.c
2026-09-02 14:06:58 -0400: Memory Usage (439012K) : Executing rule M3Fil.a2
2026-09-02 14:06:58 -0400: Memory Usage (439012K) : Executing rule M4Fil.c
2026-09-02 14:06:58 -0400: Memory Usage (439012K) : Executing rule M4Fil.a2
2026-09-02 14:06:58 -0400: Memory Usage (439012K) : Executing rule M5Fil.c
2026-09-02 14:06:58 -0400: Memory Usage (439012K) : Executing rule M5Fil.a2
2026-09-02 14:06:58 -0400: Memory Usage (439012K) : Starting 5.19. Via1 table
2026-09-02 14:06:58 -0400: Memory Usage (439012K) : Starting 5.19. Via1 table derivations
2026-09-02 14:06:58 -0400: Memory Usage (439012K) : Executing rule V1.a
2026-09-02 14:06:58 -0400: Memory Usage (439012K) : Executing rule V1.b
2026-09-02 14:06:58 -0400: Memory Usage (440356K) : Executing rule V1.c
2026-09-02 14:06:58 -0400: Memory Usage (438980K) : Starting 5.20. Vian table
2026-09-02 14:06:58 -0400: Memory Usage (438980K) : Executing rule V2.a
2026-09-02 14:06:58 -0400: Memory Usage (438980K) : Executing rule V2.b
2026-09-02 14:06:58 -0400: Memory Usage (439972K) : Executing rule V2.c
2026-09-02 14:06:58 -0400: Memory Usage (440380K) : Executing rule V3.a
2026-09-02 14:06:58 -0400: Memory Usage (439132K) : Executing rule V3.b
2026-09-02 14:06:58 -0400: Memory Usage (439860K) : Executing rule V3.c
2026-09-02 14:06:58 -0400: Memory Usage (440192K) : Executing rule V4.a
2026-09-02 14:06:58 -0400: Memory Usage (439056K) : Executing rule V4.b
2026-09-02 14:06:58 -0400: Memory Usage (440688K) : Executing rule V4.c
2026-09-02 14:06:58 -0400: Memory Usage (440160K) : Starting 5.21. TopVia1 table
2026-09-02 14:06:58 -0400: Memory Usage (439496K) : Executing rule TV1.a
2026-09-02 14:06:58 -0400: Memory Usage (439232K) : Executing rule TV1.b
2026-09-02 14:06:58 -0400: Memory Usage (440440K) : Executing rule TV1.c
2026-09-02 14:06:58 -0400: Memory Usage (440556K) : Executing rule TV1.d
2026-09-02 14:06:58 -0400: Memory Usage (440344K) : Starting 5.22. TopMetal1 table
2026-09-02 14:06:58 -0400: Memory Usage (440288K) : Executing rule TM1.a
2026-09-02 14:06:58 -0400: Memory Usage (439304K) : Executing rule TM1.b
2026-09-02 14:06:58 -0400: Memory Usage (440236K) : Starting 5.23 TopMetal1:filler table
2026-09-02 14:06:58 -0400: Memory Usage (440164K) : Executing rule TM1Fil.c
2026-09-02 14:06:58 -0400: Memory Usage (439196K) : Executing rule TM1Fil.a1
2026-09-02 14:06:58 -0400: Memory Usage (439196K) : Starting 5.24. TopVia2 table
2026-09-02 14:06:58 -0400: Memory Usage (439196K) : Executing rule TV2.a
2026-09-02 14:06:58 -0400: Memory Usage (439196K) : Executing rule TV2.b
2026-09-02 14:06:58 -0400: Memory Usage (440640K) : Executing rule TV2.c
2026-09-02 14:06:58 -0400: Memory Usage (441008K) : Executing rule TV2.d
2026-09-02 14:06:58 -0400: Memory Usage (440652K) : Starting 5.25. TopMetal2 table
2026-09-02 14:06:58 -0400: Memory Usage (440588K) : Executing rule TM2.a
2026-09-02 14:06:58 -0400: Memory Usage (439300K) : Executing rule TM2.b
2026-09-02 14:06:58 -0400: Memory Usage (440504K) : Executing rule TM2.bR
2026-09-02 14:06:58 -0400: Memory Usage (439184K) : Starting 5.26 TopMetal2:filler table
2026-09-02 14:06:58 -0400: Memory Usage (439184K) : Executing rule TM2Fil.c
2026-09-02 14:06:58 -0400: Memory Usage (439176K) : Executing rule TM2Fil.a1
2026-09-02 14:06:58 -0400: Memory Usage (439176K) : Starting 5.27. Passiv table
2026-09-02 14:06:58 -0400: Memory Usage (439176K) : Executing rule Pas.a
2026-09-02 14:06:58 -0400: Memory Usage (439176K) : Executing rule Pas.b
2026-09-02 14:06:58 -0400: Memory Usage (439176K) : Executing rule Pas.c
2026-09-02 14:06:58 -0400: Memory Usage (439176K) : Starting 6.1.3 NPN Substrate-Tie table
2026-09-02 14:06:58 -0400: Memory Usage (447100K) : Executing rule npn13G2.bR 
2026-09-02 14:06:59 -0400: Memory Usage (440732K) : Executing rule npn13G2L.cR 
2026-09-02 14:06:59 -0400: Memory Usage (439680K) : Executing rule npn13G2V.cR 
2026-09-02 14:06:59 -0400: Memory Usage (439224K) : Starting 6.7 Schottky diode table
2026-09-02 14:06:59 -0400: Memory Usage (439224K) : Executing rule Sdiod.d
2026-09-02 14:06:59 -0400: Memory Usage (439224K) : Executing rule Sdiod.e
2026-09-02 14:06:59 -0400: Memory Usage (439224K) : Starting 6.9.2 Copper Pillar table
2026-09-02 14:06:59 -0400: Memory Usage (439224K) : Executing rule Padc.a
2026-09-02 14:06:59 -0400: Memory Usage (439224K) : Executing rule Padc.b
2026-09-02 14:06:59 -0400: Memory Usage (439224K) : Executing rule Padc.c
2026-09-02 14:06:59 -0400: Memory Usage (439224K) : Executing rule Padb.f
2026-09-02 14:06:59 -0400: Memory Usage (439224K) : Starting 6.9 Pad table
2026-09-02 14:06:59 -0400: Memory Usage (439224K) : Executing rule Pad.m
2026-09-02 14:06:59 -0400: Memory Usage (439224K) : Executing rule Pad.fR_M1
2026-09-02 14:06:59 -0400: Memory Usage (439224K) : Executing rule Pad.fR_M2
2026-09-02 14:06:59 -0400: Memory Usage (439224K) : Executing rule Pad.fR_M3
2026-09-02 14:06:59 -0400: Memory Usage (439224K) : Executing rule Pad.fR_M4
2026-09-02 14:06:59 -0400: Memory Usage (439224K) : Executing rule Pad.fR_M5
2026-09-02 14:06:59 -0400: Memory Usage (439224K) : Executing rule Pad.fR_TM1
2026-09-02 14:06:59 -0400: Memory Usage (439224K) : Executing rule Pad.fR_TM2
2026-09-02 14:06:59 -0400: Memory Usage (439224K) : Executing rule Pad.i
2026-09-02 14:06:59 -0400: Memory Usage (439224K) : Starting 6.9.1 Solder Bump
2026-09-02 14:06:59 -0400: Memory Usage (439224K) : Executing rule Padb.a
2026-09-02 14:06:59 -0400: Memory Usage (439224K) : Executing rule Padb.b
2026-09-02 14:06:59 -0400: Memory Usage (439224K) : Executing rule Padb.c
2026-09-02 14:06:59 -0400: Memory Usage (439224K) : Executing rule Padb.f
2026-09-02 14:06:59 -0400: Memory Usage (439224K) : Executing rule Padb.d
2026-09-02 14:06:59 -0400: Memory Usage (439224K) : Starting 6.10 Sealring table
2026-09-02 14:06:59 -0400: Memory Usage (439224K) : Executing rule Seal.l
2026-09-02 14:06:59 -0400: Memory Usage (439224K) : Executing rule Seal.n
2026-09-02 14:06:59 -0400: Memory Usage (439224K) : Executing rule seal.b_metal1
2026-09-02 14:06:59 -0400: Memory Usage (439224K) : Executing rule seal.b_metal2
2026-09-02 14:06:59 -0400: Memory Usage (439224K) : Executing rule seal.b_metal3
2026-09-02 14:06:59 -0400: Memory Usage (439224K) : Executing rule seal.b_metal4
2026-09-02 14:06:59 -0400: Memory Usage (439224K) : Executing rule seal.b_metal5
2026-09-02 14:06:59 -0400: Memory Usage (439224K) : Executing rule seal.b_topmetal1
2026-09-02 14:06:59 -0400: Memory Usage (439224K) : Executing rule seal.b_topmetal2
2026-09-02 14:06:59 -0400: Memory Usage (439224K) : Executing rule seal.b_activ
2026-09-02 14:06:59 -0400: Memory Usage (439224K) : Executing rule seal.b_psd
2026-09-02 14:06:59 -0400: Memory Usage (439224K) : Executing rule Seal.k
2026-09-02 14:06:59 -0400: Memory Usage (439224K) : Executing rule Seal.m
2026-09-02 14:06:59 -0400: Memory Usage (439224K) : Starting 6.11 MIM table
2026-09-02 14:06:59 -0400: Memory Usage (439224K) : Executing rule MIM.c
2026-09-02 14:06:59 -0400: Memory Usage (440444K) : Executing rule MIM.d
2026-09-02 14:06:59 -0400: Memory Usage (440428K) : Executing rule MIM.gR
2026-09-02 14:06:59 -0400: Memory Usage (439788K) : Starting 7.2 Latch-up table
2026-09-02 14:06:59 -0400: Memory Usage (439740K) : Executing rule LU.b
2026-09-02 14:06:59 -0400: Memory Usage (440268K) : Starting 7.3 Metal Slits table
2026-09-02 14:06:59 -0400: Memory Usage (440164K) : Executing rule Slt.e1_M1
2026-09-02 14:06:59 -0400: Memory Usage (439172K) : Executing rule Slt.e1_M2
2026-09-02 14:06:59 -0400: Memory Usage (439172K) : Executing rule Slt.e1_M3
2026-09-02 14:06:59 -0400: Memory Usage (439172K) : Executing rule Slt.e1_M4
2026-09-02 14:06:59 -0400: Memory Usage (439172K) : Executing rule Slt.e1_M5
2026-09-02 14:06:59 -0400: Memory Usage (439172K) : Executing rule Slt.e1_TM1
2026-09-02 14:06:59 -0400: Memory Usage (439172K) : Executing rule Slt.e1_TM2
2026-09-02 14:06:59 -0400: Memory Usage (439172K) : Starting 7.4. PIN table
2026-09-02 14:06:59 -0400: Memory Usage (439172K) : Executing rule Pin.a
2026-09-02 14:06:59 -0400: Memory Usage (439172K) : Executing rule Pin.b
2026-09-02 14:06:59 -0400: Memory Usage (439172K) : Executing rule Pin.e
2026-09-02 14:06:59 -0400: Memory Usage (440480K) : Executing rule Pin.f_M2
2026-09-02 14:06:59 -0400: Memory Usage (440360K) : Executing rule Pin.f_M3
2026-09-02 14:06:59 -0400: Memory Usage (439288K) : Executing rule Pin.f_M4
2026-09-02 14:06:59 -0400: Memory Usage (439288K) : Executing rule Pin.f_M5
2026-09-02 14:06:59 -0400: Memory Usage (440756K) : Executing rule Pin.g
2026-09-02 14:06:59 -0400: Memory Usage (440192K) : Executing rule Pin.h
2026-09-02 14:06:59 -0400: Memory Usage (439168K) : Starting 9.1. LBE table
2026-09-02 14:06:59 -0400: Memory Usage (439168K) : Executing rule LBE.a
2026-09-02 14:06:59 -0400: Memory Usage (439168K) : Executing rule LBE.b
2026-09-02 14:06:59 -0400: Memory Usage (439168K) : Executing rule LBE.b1
2026-09-02 14:06:59 -0400: Memory Usage (439168K) : Executing rule LBE.c
2026-09-02 14:06:59 -0400: Memory Usage (439168K) : Executing rule LBE.d
2026-09-02 14:06:59 -0400: Memory Usage (439168K) : Executing rule LBE.h
2026-09-02 14:06:59 -0400: Memory Usage (439168K) : KLayout DRC run for table 'main' completed in 2.34 seconds
2026-09-02 19:05:17 -0400: Memory Usage (413644K) : Starting running IHP-SG13G2 Klayout DRC runset on /home/noorizad/spicexplorer-workspace/external/pam4-wt/codesign-r4/report/work/g/dut_pam4.gds
2026-09-02 19:05:17 -0400: Memory Usage (413644K) : Ruby Version for klayout: 2.5.9
2026-09-02 19:05:17 -0400: Memory Usage (413644K) : Loading database to memory is complete.
2026-09-02 19:05:17 -0400: Memory Usage (413644K) : IHP-SG13G2 Klayout DRC runset output at: /home/noorizad/spicexplorer-workspace/external/pam4-wt/codesign-r4/report/work/g/signoff/drc/dut_pam4_pam4drv_pam4_lay_main.lyrdb
2026-09-02 19:05:17 -0400: Memory Usage (413644K) : Evaluate switches.
2026-09-02 19:05:17 -0400: Memory Usage (413644K) : table_name selected  main
2026-09-02 19:05:17 -0400: Memory Usage (413644K) : Klayout will use 128 thread(s)
2026-09-02 19:05:17 -0400: Memory Usage (413644K) : deep mode is enabled for main table.
2026-09-02 19:05:17 -0400: Memory Usage (413644K) : FEOL enabled: true
2026-09-02 19:05:17 -0400: Memory Usage (413644K) : BEOL enabled: true
2026-09-02 19:05:17 -0400: Memory Usage (413644K) : OffGrid enabled: true
2026-09-02 19:05:17 -0400: Memory Usage (413644K) : PreCheck DRC enabled: false
2026-09-02 19:05:17 -0400: Memory Usage (413644K) : CONNECTIVITY_RULES enabled: true for table main
2026-09-02 19:05:17 -0400: Memory Usage (413644K) : Read in polygons from layers.
2026-09-02 19:05:17 -0400: Memory Usage (413644K) : activ_drw has 68 polygons
2026-09-02 19:05:17 -0400: Memory Usage (413644K) : activ_pin has 0 polygons
2026-09-02 19:05:17 -0400: Memory Usage (413644K) : activ_mask has 12 polygons
2026-09-02 19:05:17 -0400: Memory Usage (413644K) : activ_filler has 0 polygons
2026-09-02 19:05:17 -0400: Memory Usage (413644K) : activ_nofill has 0 polygons
2026-09-02 19:05:17 -0400: Memory Usage (413644K) : activ_opc has 0 polygons
2026-09-02 19:05:17 -0400: Memory Usage (413644K) : activ_iopc has 0 polygons
2026-09-02 19:05:17 -0400: Memory Usage (413644K) : activ_noqrc has 0 polygons
2026-09-02 19:05:17 -0400: Memory Usage (413644K) : biwind_drw has 0 polygons
2026-09-02 19:05:17 -0400: Memory Usage (413644K) : biwind_opc has 0 polygons
2026-09-02 19:05:17 -0400: Memory Usage (413644K) : pemwind_drw has 0 polygons
2026-09-02 19:05:17 -0400: Memory Usage (413644K) : gatpoly_drw has 24 polygons
2026-09-02 19:05:17 -0400: Memory Usage (413644K) : gatpoly_pin has 0 polygons
2026-09-02 19:05:17 -0400: Memory Usage (413644K) : gatpoly_filler has 0 polygons
2026-09-02 19:05:17 -0400: Memory Usage (413644K) : gatpoly_nofill has 0 polygons
2026-09-02 19:05:17 -0400: Memory Usage (413644K) : gatpoly_opc has 0 polygons
2026-09-02 19:05:17 -0400: Memory Usage (413644K) : gatpoly_iopc has 0 polygons
2026-09-02 19:05:17 -0400: Memory Usage (413644K) : gatpoly_noqrc has 0 polygons
2026-09-02 19:05:17 -0400: Memory Usage (413644K) : cont_drw has 928 polygons
2026-09-02 19:05:17 -0400: Memory Usage (413644K) : cont_opc has 0 polygons
2026-09-02 19:05:17 -0400: Memory Usage (413644K) : nsd_drw has 0 polygons
2026-09-02 19:05:17 -0400: Memory Usage (413644K) : nsd_block has 24 polygons
2026-09-02 19:05:17 -0400: Memory Usage (413644K) : metal1_drw has 96 polygons
2026-09-02 19:05:17 -0400: Memory Usage (413644K) : metal1_pin has 48 polygons
2026-09-02 19:05:17 -0400: Memory Usage (413644K) : metal1_mask has 0 polygons
2026-09-02 19:05:17 -0400: Memory Usage (413644K) : metal1_filler has 0 polygons
2026-09-02 19:05:17 -0400: Memory Usage (415908K) : metal1_nofill has 0 polygons
2026-09-02 19:05:17 -0400: Memory Usage (415908K) : metal1_slit has 0 polygons
2026-09-02 19:05:17 -0400: Memory Usage (415908K) : metal1_text has 6 polygons
2026-09-02 19:05:17 -0400: Memory Usage (415908K) : metal1_opc has 0 polygons
2026-09-02 19:05:17 -0400: Memory Usage (415908K) : metal1_noqrc has 0 polygons
2026-09-02 19:05:17 -0400: Memory Usage (416352K) : metal1_res has 0 polygons
2026-09-02 19:05:17 -0400: Memory Usage (416352K) : metal1_iprobe has 0 polygons
2026-09-02 19:05:17 -0400: Memory Usage (416352K) : metal1_diffprb has 0 polygons
2026-09-02 19:05:17 -0400: Memory Usage (416352K) : passiv_drw has 0 polygons
2026-09-02 19:05:17 -0400: Memory Usage (416352K) : passiv_pin has 0 polygons
2026-09-02 19:05:17 -0400: Memory Usage (416352K) : passiv_sbump has 0 polygons
2026-09-02 19:05:17 -0400: Memory Usage (416352K) : passiv_pillar has 0 polygons
2026-09-02 19:05:17 -0400: Memory Usage (416616K) : passiv_pdl has 0 polygons
2026-09-02 19:05:17 -0400: Memory Usage (416616K) : metal2_drw has 34 polygons
2026-09-02 19:05:17 -0400: Memory Usage (416616K) : metal2_pin has 12 polygons
2026-09-02 19:05:17 -0400: Memory Usage (416616K) : metal2_mask has 0 polygons
2026-09-02 19:05:17 -0400: Memory Usage (416616K) : metal2_filler has 0 polygons
2026-09-02 19:05:17 -0400: Memory Usage (416616K) : metal2_nofill has 0 polygons
2026-09-02 19:05:17 -0400: Memory Usage (416616K) : metal2_slit has 0 polygons
2026-09-02 19:05:17 -0400: Memory Usage (416616K) : metal2_text has 0 polygons
2026-09-02 19:05:17 -0400: Memory Usage (416616K) : metal2_opc has 0 polygons
2026-09-02 19:05:17 -0400: Memory Usage (416616K) : metal2_noqrc has 0 polygons
2026-09-02 19:05:17 -0400: Memory Usage (416616K) : metal2_res has 0 polygons
2026-09-02 19:05:17 -0400: Memory Usage (416616K) : metal2_iprobe has 0 polygons
2026-09-02 19:05:17 -0400: Memory Usage (416616K) : metal2_diffprb has 0 polygons
2026-09-02 19:05:17 -0400: Memory Usage (416880K) : baspoly_drw has 0 polygons
2026-09-02 19:05:17 -0400: Memory Usage (416880K) : baspoly_pin has 0 polygons
2026-09-02 19:05:17 -0400: Memory Usage (416880K) : psd_drw has 20 polygons
2026-09-02 19:05:17 -0400: Memory Usage (416880K) : nldb_drw has 0 polygons
2026-09-02 19:05:17 -0400: Memory Usage (416880K) : digibnd_drw has 0 polygons
2026-09-02 19:05:17 -0400: Memory Usage (416880K) : via1_drw has 446 polygons
2026-09-02 19:05:17 -0400: Memory Usage (417144K) : backmetal1_drw has 0 polygons
2026-09-02 19:05:17 -0400: Memory Usage (417144K) : backmetal1_pin has 0 polygons
2026-09-02 19:05:17 -0400: Memory Usage (417144K) : backmetal1_mask has 0 polygons
2026-09-02 19:05:17 -0400: Memory Usage (417144K) : backmetal1_filler has 0 polygons
2026-09-02 19:05:17 -0400: Memory Usage (417144K) : backmetal1_nofill has 0 polygons
2026-09-02 19:05:17 -0400: Memory Usage (417144K) : backmetal1_slit has 0 polygons
2026-09-02 19:05:17 -0400: Memory Usage (417408K) : backmetal1_text has 0 polygons
2026-09-02 19:05:17 -0400: Memory Usage (417408K) : backmetal1_opc has 0 polygons
2026-09-02 19:05:17 -0400: Memory Usage (417408K) : backmetal1_noqrc has 0 polygons
2026-09-02 19:05:17 -0400: Memory Usage (417408K) : backmetal1_res has 0 polygons
2026-09-02 19:05:17 -0400: Memory Usage (417408K) : backmetal1_iprobe has 0 polygons
2026-09-02 19:05:17 -0400: Memory Usage (417408K) : backmetal1_diffprb has 0 polygons
2026-09-02 19:05:17 -0400: Memory Usage (417672K) : backpassiv_drw has 0 polygons
2026-09-02 19:05:17 -0400: Memory Usage (417672K) : res_drw has 12 polygons
2026-09-02 19:05:17 -0400: Memory Usage (417672K) : sram_drw has 0 polygons
2026-09-02 19:05:17 -0400: Memory Usage (417672K) : trans_drw has 12 polygons
2026-09-02 19:05:17 -0400: Memory Usage (417672K) : ind_drw has 0 polygons
2026-09-02 19:05:17 -0400: Memory Usage (417672K) : ind_pin has 0 polygons
2026-09-02 19:05:17 -0400: Memory Usage (417936K) : ind_text has 0 polygons
2026-09-02 19:05:17 -0400: Memory Usage (417936K) : salblock_drw has 0 polygons
2026-09-02 19:05:17 -0400: Memory Usage (417936K) : via2_drw has 184 polygons
2026-09-02 19:05:17 -0400: Memory Usage (417936K) : metal3_drw has 26 polygons
2026-09-02 19:05:17 -0400: Memory Usage (417936K) : metal3_pin has 0 polygons
2026-09-02 19:05:17 -0400: Memory Usage (418200K) : metal3_mask has 0 polygons
2026-09-02 19:05:17 -0400: Memory Usage (418200K) : metal3_filler has 0 polygons
2026-09-02 19:05:17 -0400: Memory Usage (418200K) : metal3_nofill has 0 polygons
2026-09-02 19:05:17 -0400: Memory Usage (418200K) : metal3_slit has 0 polygons
2026-09-02 19:05:17 -0400: Memory Usage (418200K) : metal3_text has 0 polygons
2026-09-02 19:05:17 -0400: Memory Usage (418200K) : metal3_opc has 0 polygons
2026-09-02 19:05:17 -0400: Memory Usage (418200K) : metal3_noqrc has 0 polygons
2026-09-02 19:05:17 -0400: Memory Usage (418200K) : metal3_res has 0 polygons
2026-09-02 19:05:17 -0400: Memory Usage (418200K) : metal3_iprobe has 0 polygons
2026-09-02 19:05:17 -0400: Memory Usage (418200K) : metal3_diffprb has 0 polygons
2026-09-02 19:05:17 -0400: Memory Usage (418464K) : nwell_drw has 0 polygons
2026-09-02 19:05:17 -0400: Memory Usage (418464K) : nwell_pin has 0 polygons
2026-09-02 19:05:17 -0400: Memory Usage (418464K) : nbulay_drw has 0 polygons
2026-09-02 19:05:17 -0400: Memory Usage (418464K) : nbulay_pin has 0 polygons
2026-09-02 19:05:17 -0400: Memory Usage (418464K) : nbulay_block has 0 polygons
2026-09-02 19:05:17 -0400: Memory Usage (418464K) : emwind_drw has 36 polygons
2026-09-02 19:05:17 -0400: Memory Usage (418464K) : emwind_opc has 0 polygons
2026-09-02 19:05:17 -0400: Memory Usage (418728K) : deepco_drw has 0 polygons
2026-09-02 19:05:17 -0400: Memory Usage (418728K) : deepco_drw has 0 polygons
2026-09-02 19:05:17 -0400: Memory Usage (418728K) : mim_drw has 3 polygons
2026-09-02 19:05:17 -0400: Memory Usage (418728K) : edgeseal_drw has 0 polygons
2026-09-02 19:05:17 -0400: Memory Usage (418728K) : edgeseal_bound has 0 polygons
2026-09-02 19:05:17 -0400: Memory Usage (418728K) : substrate_drw has 0 polygons
2026-09-02 19:05:17 -0400: Memory Usage (418992K) : substrate_text has 0 polygons
2026-09-02 19:05:17 -0400: Memory Usage (418992K) : dfpad_drw has 0 polygons
2026-09-02 19:05:17 -0400: Memory Usage (418992K) : dfpad_pillar has 0 polygons
2026-09-02 19:05:17 -0400: Memory Usage (418992K) : dfpad_sbump has 0 polygons
2026-09-02 19:05:17 -0400: Memory Usage (418992K) : thickgateox_drw has 0 polygons
2026-09-02 19:05:17 -0400: Memory Usage (418992K) : pldb_drw has 0 polygons
2026-09-02 19:05:17 -0400: Memory Usage (419256K) : pwell_drw has 0 polygons
2026-09-02 19:05:17 -0400: Memory Usage (419256K) : pwell_pin has 0 polygons
2026-09-02 19:05:17 -0400: Memory Usage (419256K) : pwell_block has 0 polygons
2026-09-02 19:05:17 -0400: Memory Usage (419256K) : ic_drw has 0 polygons
2026-09-02 19:05:17 -0400: Memory Usage (419256K) : via3_drw has 184 polygons
2026-09-02 19:05:17 -0400: Memory Usage (419256K) : metal4_drw has 24 polygons
2026-09-02 19:05:17 -0400: Memory Usage (419520K) : metal4_pin has 0 polygons
2026-09-02 19:05:17 -0400: Memory Usage (419520K) : metal4_mask has 0 polygons
2026-09-02 19:05:17 -0400: Memory Usage (419520K) : metal4_filler has 0 polygons
2026-09-02 19:05:17 -0400: Memory Usage (419520K) : metal4_nofill has 3 polygons
2026-09-02 19:05:17 -0400: Memory Usage (419520K) : metal4_slit has 0 polygons
2026-09-02 19:05:17 -0400: Memory Usage (419520K) : metal4_text has 4 polygons
2026-09-02 19:05:17 -0400: Memory Usage (419784K) : metal4_opc has 0 polygons
2026-09-02 19:05:17 -0400: Memory Usage (419784K) : metal4_noqrc has 0 polygons
2026-09-02 19:05:17 -0400: Memory Usage (419784K) : metal4_res has 0 polygons
2026-09-02 19:05:17 -0400: Memory Usage (419784K) : metal4_iprobe has 0 polygons
2026-09-02 19:05:17 -0400: Memory Usage (419784K) : metal4_diffprb has 0 polygons
2026-09-02 19:05:17 -0400: Memory Usage (419784K) : heattrans_drw has 0 polygons
2026-09-02 19:05:17 -0400: Memory Usage (420048K) : heatres_drw has 12 polygons
2026-09-02 19:05:17 -0400: Memory Usage (420048K) : pempoly_drw has 0 polygons
2026-09-02 19:05:17 -0400: Memory Usage (420048K) : fbe_drw has 0 polygons
2026-09-02 19:05:17 -0400: Memory Usage (420048K) : empoly_drw has 0 polygons
2026-09-02 19:05:17 -0400: Memory Usage (420048K) : ldmos_drw has 0 polygons
2026-09-02 19:05:17 -0400: Memory Usage (420048K) : pbiwind_drw has 0 polygons
2026-09-02 19:05:17 -0400: Memory Usage (420312K) : digisub_drw has 0 polygons
2026-09-02 19:05:17 -0400: Memory Usage (420312K) : nodrc_drw has 0 polygons
2026-09-02 19:05:17 -0400: Memory Usage (420312K) : text_drw has 72 polygons
2026-09-02 19:05:17 -0400: Memory Usage (420312K) : via4_drw has 144 polygons
2026-09-02 19:05:17 -0400: Memory Usage (420312K) : metal5_drw has 16 polygons
2026-09-02 19:05:17 -0400: Memory Usage (420576K) : metal5_pin has 3 polygons
2026-09-02 19:05:17 -0400: Memory Usage (420576K) : metal5_mask has 0 polygons
2026-09-02 19:05:17 -0400: Memory Usage (420576K) : metal5_filler has 0 polygons
2026-09-02 19:05:17 -0400: Memory Usage (420576K) : metal5_nofill has 3 polygons
2026-09-02 19:05:17 -0400: Memory Usage (420576K) : metal5_slit has 0 polygons
2026-09-02 19:05:17 -0400: Memory Usage (420840K) : metal5_text has 0 polygons
2026-09-02 19:05:17 -0400: Memory Usage (420840K) : metal5_opc has 0 polygons
2026-09-02 19:05:17 -0400: Memory Usage (420840K) : metal5_noqrc has 0 polygons
2026-09-02 19:05:17 -0400: Memory Usage (420840K) : metal5_res has 0 polygons
2026-09-02 19:05:17 -0400: Memory Usage (420840K) : metal5_iprobe has 0 polygons
2026-09-02 19:05:17 -0400: Memory Usage (420840K) : metal5_diffprb has 0 polygons
2026-09-02 19:05:17 -0400: Memory Usage (420840K) : radhard_drw has 0 polygons
2026-09-02 19:05:17 -0400: Memory Usage (421104K) : memcap_drw has 3 polygons
2026-09-02 19:05:17 -0400: Memory Usage (421104K) : varicap_drw has 0 polygons
2026-09-02 19:05:17 -0400: Memory Usage (421104K) : flash_drw has 0 polygons
2026-09-02 19:05:17 -0400: Memory Usage (421104K) : intbondvia_drw has 0 polygons
2026-09-02 19:05:17 -0400: Memory Usage (421104K) : intbondmet_drw has 0 polygons
2026-09-02 19:05:17 -0400: Memory Usage (421104K) : devbondvia_drw has 0 polygons
2026-09-02 19:05:17 -0400: Memory Usage (421368K) : devbondmet_drw has 0 polygons
2026-09-02 19:05:17 -0400: Memory Usage (421368K) : devtrench_drw has 0 polygons
2026-09-02 19:05:17 -0400: Memory Usage (421368K) : redist_drw has 0 polygons
2026-09-02 19:05:17 -0400: Memory Usage (421368K) : graphbot_drw has 0 polygons
2026-09-02 19:05:17 -0400: Memory Usage (421368K) : graphtop_drw has 0 polygons
2026-09-02 19:05:17 -0400: Memory Usage (421632K) : antvia1_drw has 0 polygons
2026-09-02 19:05:17 -0400: Memory Usage (421632K) : antmetal2_drw has 0 polygons
2026-09-02 19:05:17 -0400: Memory Usage (421632K) : graphcont_drw has 0 polygons
2026-09-02 19:05:17 -0400: Memory Usage (421632K) : siwg_drw has 0 polygons
2026-09-02 19:05:17 -0400: Memory Usage (421632K) : siwg_filler has 0 polygons
2026-09-02 19:05:17 -0400: Memory Usage (421896K) : siwg_nofill has 0 polygons
2026-09-02 19:05:17 -0400: Memory Usage (421896K) : sigrating_drw has 0 polygons
2026-09-02 19:05:17 -0400: Memory Usage (421896K) : singrating_drw has 0 polygons
2026-09-02 19:05:17 -0400: Memory Usage (421896K) : graphpas_drw has 0 polygons
2026-09-02 19:05:17 -0400: Memory Usage (421896K) : emwind3_drw has 0 polygons
2026-09-02 19:05:17 -0400: Memory Usage (421896K) : emwihv3_drw has 0 polygons
2026-09-02 19:05:17 -0400: Memory Usage (422160K) : redbulay_drw has 0 polygons
2026-09-02 19:05:17 -0400: Memory Usage (422160K) : smos_drw has 0 polygons
2026-09-02 19:05:17 -0400: Memory Usage (422160K) : graphpad_drw has 0 polygons
2026-09-02 19:05:17 -0400: Memory Usage (422160K) : polimide_drw has 0 polygons
2026-09-02 19:05:17 -0400: Memory Usage (422160K) : polimide_pin has 0 polygons
2026-09-02 19:05:17 -0400: Memory Usage (422424K) : recog_drw has 0 polygons
2026-09-02 19:05:17 -0400: Memory Usage (422424K) : recog_pin has 0 polygons
2026-09-02 19:05:17 -0400: Memory Usage (422424K) : recog_esd has 0 polygons
2026-09-02 19:05:17 -0400: Memory Usage (422424K) : recog_diode has 0 polygons
2026-09-02 19:05:17 -0400: Memory Usage (422424K) : recog_tsv has 0 polygons
2026-09-02 19:05:17 -0400: Memory Usage (422424K) : recog_iprobe has 0 polygons
2026-09-02 19:05:17 -0400: Memory Usage (422688K) : recog_diffprb has 0 polygons
2026-09-02 19:05:17 -0400: Memory Usage (422688K) : recog_pillar has 0 polygons
2026-09-02 19:05:17 -0400: Memory Usage (422688K) : recog_sbump has 0 polygons
2026-09-02 19:05:17 -0400: Memory Usage (422688K) : recog_otp has 0 polygons
2026-09-02 19:05:17 -0400: Memory Usage (422688K) : recog_pdiode has 0 polygons
2026-09-02 19:05:17 -0400: Memory Usage (422688K) : recog_mom has 0 polygons
2026-09-02 19:05:17 -0400: Memory Usage (422688K) : recog_pcm has 0 polygons
2026-09-02 19:05:17 -0400: Memory Usage (422952K) : colopen_drw has 0 polygons
2026-09-02 19:05:17 -0400: Memory Usage (422952K) : graphmetal1_drw has 0 polygons
2026-09-02 19:05:17 -0400: Memory Usage (422952K) : graphmetal1_filler has 0 polygons
2026-09-02 19:05:17 -0400: Memory Usage (422952K) : graphmetal1_nofill has 0 polygons
2026-09-02 19:05:17 -0400: Memory Usage (422952K) : graphmetal1_slit has 0 polygons
2026-09-02 19:05:17 -0400: Memory Usage (422952K) : graphmetal1_opc has 0 polygons
2026-09-02 19:05:17 -0400: Memory Usage (422952K) : graphmet1l_drw has 0 polygons
2026-09-02 19:05:17 -0400: Memory Usage (423216K) : graphmet1l_filler has 0 polygons
2026-09-02 19:05:17 -0400: Memory Usage (423216K) : graphmet1l_nofill has 0 polygons
2026-09-02 19:05:17 -0400: Memory Usage (423216K) : graphmet1l_slit has 0 polygons
2026-09-02 19:05:17 -0400: Memory Usage (423216K) : graphmet1l_opc has 0 polygons
2026-09-02 19:05:17 -0400: Memory Usage (423216K) : extblock_drw has 12 polygons
2026-09-02 19:05:17 -0400: Memory Usage (423216K) : nldd_drw has 0 polygons
2026-09-02 19:05:17 -0400: Memory Usage (423480K) : pldd_drw has 0 polygons
2026-09-02 19:05:17 -0400: Memory Usage (423480K) : next_drw has 0 polygons
2026-09-02 19:05:17 -0400: Memory Usage (423480K) : pext_drw has 0 polygons
2026-09-02 19:05:17 -0400: Memory Usage (423480K) : nexthv_drw has 0 polygons
2026-09-02 19:05:17 -0400: Memory Usage (423480K) : pexthv_drw has 0 polygons
2026-09-02 19:05:17 -0400: Memory Usage (423480K) : graphgate_drw has 0 polygons
2026-09-02 19:05:17 -0400: Memory Usage (423744K) : sinwg_drw has 0 polygons
2026-09-02 19:05:17 -0400: Memory Usage (423744K) : sinwg_filler has 0 polygons
2026-09-02 19:05:17 -0400: Memory Usage (423744K) : sinwg_nofill has 0 polygons
2026-09-02 19:05:17 -0400: Memory Usage (423744K) : mempad_drw has 0 polygons
2026-09-02 19:05:17 -0400: Memory Usage (423744K) : topvia1_drw has 13 polygons
2026-09-02 19:05:17 -0400: Memory Usage (424008K) : topmetal1_drw has 10 polygons
2026-09-02 19:05:17 -0400: Memory Usage (424008K) : topmetal1_pin has 3 polygons
2026-09-02 19:05:17 -0400: Memory Usage (424008K) : topmetal1_mask has 0 polygons
2026-09-02 19:05:17 -0400: Memory Usage (424008K) : topmetal1_filler has 0 polygons
2026-09-02 19:05:17 -0400: Memory Usage (424008K) : topmetal1_nofill has 3 polygons
2026-09-02 19:05:17 -0400: Memory Usage (424008K) : topmetal1_slit has 0 polygons
2026-09-02 19:05:17 -0400: Memory Usage (424008K) : topmetal1_text has 1 polygons
2026-09-02 19:05:17 -0400: Memory Usage (424272K) : topmetal1_noqrc has 0 polygons
2026-09-02 19:05:17 -0400: Memory Usage (424272K) : topmetal1_res has 0 polygons
2026-09-02 19:05:17 -0400: Memory Usage (424272K) : topmetal1_iprobe has 0 polygons
2026-09-02 19:05:17 -0400: Memory Usage (424272K) : topmetal1_diffprb has 0 polygons
2026-09-02 19:05:17 -0400: Memory Usage (424272K) : inldpwl_drw has 0 polygons
2026-09-02 19:05:17 -0400: Memory Usage (424272K) : polyres_drw has 12 polygons
2026-09-02 19:05:17 -0400: Memory Usage (424536K) : polyres_pin has 0 polygons
2026-09-02 19:05:17 -0400: Memory Usage (424536K) : vmim_drw has 12 polygons
2026-09-02 19:05:17 -0400: Memory Usage (424536K) : nbulaycut_drw has 0 polygons
2026-09-02 19:05:17 -0400: Memory Usage (424536K) : antmetal1_drw has 0 polygons
2026-09-02 19:05:17 -0400: Memory Usage (424536K) : topvia2_drw has 6 polygons
2026-09-02 19:05:17 -0400: Memory Usage (424536K) : topmetal2_drw has 2 polygons
2026-09-02 19:05:17 -0400: Memory Usage (424800K) : topmetal2_pin has 0 polygons
2026-09-02 19:05:17 -0400: Memory Usage (424800K) : topmetal2_mask has 0 polygons
2026-09-02 19:05:17 -0400: Memory Usage (424800K) : topmetal2_filler has 0 polygons
2026-09-02 19:05:17 -0400: Memory Usage (424800K) : topmetal2_nofill has 3 polygons
2026-09-02 19:05:17 -0400: Memory Usage (424800K) : topmetal2_slit has 0 polygons
2026-09-02 19:05:17 -0400: Memory Usage (425064K) : topmetal2_text has 2 polygons
2026-09-02 19:05:17 -0400: Memory Usage (425064K) : topmetal2_noqrc has 0 polygons
2026-09-02 19:05:17 -0400: Memory Usage (425064K) : topmetal2_res has 0 polygons
2026-09-02 19:05:17 -0400: Memory Usage (425064K) : topmetal2_iprobe has 0 polygons
2026-09-02 19:05:17 -0400: Memory Usage (425064K) : topmetal2_diffprb has 0 polygons
2026-09-02 19:05:17 -0400: Memory Usage (425064K) : snsring_drw has 0 polygons
2026-09-02 19:05:17 -0400: Memory Usage (425328K) : sensor_drw has 0 polygons
2026-09-02 19:05:17 -0400: Memory Usage (425328K) : snsarms_drw has 0 polygons
2026-09-02 19:05:17 -0400: Memory Usage (425328K) : snscmosvia_drw has 0 polygons
2026-09-02 19:05:17 -0400: Memory Usage (425328K) : colwind_drw has 0 polygons
2026-09-02 19:05:17 -0400: Memory Usage (425328K) : flm_drw has 0 polygons
2026-09-02 19:05:17 -0400: Memory Usage (425328K) : hafniumox_drw has 0 polygons
2026-09-02 19:05:17 -0400: Memory Usage (425592K) : memvia_drw has 0 polygons
2026-09-02 19:05:17 -0400: Memory Usage (425592K) : thinfilmres_drw has 0 polygons
2026-09-02 19:05:17 -0400: Memory Usage (425592K) : rfmem_drw has 0 polygons
2026-09-02 19:05:17 -0400: Memory Usage (425592K) : norcx_drw has 0 polygons
2026-09-02 19:05:17 -0400: Memory Usage (425592K) : norcx_m2m3 has 0 polygons
2026-09-02 19:05:17 -0400: Memory Usage (425592K) : norcx_m2m4 has 0 polygons
2026-09-02 19:05:17 -0400: Memory Usage (425856K) : norcx_m2m5 has 0 polygons
2026-09-02 19:05:17 -0400: Memory Usage (425856K) : norcx_m2tm1 has 0 polygons
2026-09-02 19:05:17 -0400: Memory Usage (425856K) : norcx_m2tm2 has 0 polygons
2026-09-02 19:05:17 -0400: Memory Usage (425856K) : norcx_m3m4 has 0 polygons
2026-09-02 19:05:17 -0400: Memory Usage (425856K) : norcx_m3m5 has 0 polygons
2026-09-02 19:05:17 -0400: Memory Usage (425856K) : norcx_m3tm1 has 0 polygons
2026-09-02 19:05:17 -0400: Memory Usage (425856K) : norcx_m3tm2 has 0 polygons
2026-09-02 19:05:17 -0400: Memory Usage (426120K) : norcx_m4m5 has 0 polygons
2026-09-02 19:05:17 -0400: Memory Usage (426120K) : norcx_m4tm1 has 0 polygons
2026-09-02 19:05:17 -0400: Memory Usage (426120K) : norcx_m4tm2 has 0 polygons
2026-09-02 19:05:17 -0400: Memory Usage (426120K) : norcx_m5tm1 has 0 polygons
2026-09-02 19:05:17 -0400: Memory Usage (426120K) : norcx_m5tm2 has 0 polygons
2026-09-02 19:05:17 -0400: Memory Usage (426120K) : norcx_tm1tm2 has 0 polygons
2026-09-02 19:05:17 -0400: Memory Usage (426120K) : norcx_m1sub has 0 polygons
2026-09-02 19:05:17 -0400: Memory Usage (426120K) : norcx_m2sub has 0 polygons
2026-09-02 19:05:17 -0400: Memory Usage (426384K) : norcx_m3sub has 0 polygons
2026-09-02 19:05:17 -0400: Memory Usage (426384K) : norcx_m4sub has 0 polygons
2026-09-02 19:05:17 -0400: Memory Usage (426384K) : norcx_m5sub has 0 polygons
2026-09-02 19:05:17 -0400: Memory Usage (426384K) : norcx_tm1sub has 0 polygons
2026-09-02 19:05:17 -0400: Memory Usage (426384K) : norcx_tm2sub has 0 polygons
2026-09-02 19:05:17 -0400: Memory Usage (426384K) : snsbotvia_drw has 0 polygons
2026-09-02 19:05:17 -0400: Memory Usage (426648K) : snstopvia_drw has 0 polygons
2026-09-02 19:05:17 -0400: Memory Usage (426648K) : deepvia_drw has 0 polygons
2026-09-02 19:05:17 -0400: Memory Usage (426648K) : fgetch_drw has 0 polygons
2026-09-02 19:05:17 -0400: Memory Usage (426648K) : ctrgat_drw has 0 polygons
2026-09-02 19:05:17 -0400: Memory Usage (426648K) : fgimp_drw has 0 polygons
2026-09-02 19:05:17 -0400: Memory Usage (426648K) : emwihv_drw has 0 polygons
2026-09-02 19:05:17 -0400: Memory Usage (426648K) : lbe_drw has 0 polygons
2026-09-02 19:05:17 -0400: Memory Usage (426912K) : alcustop_drw has 0 polygons
2026-09-02 19:05:17 -0400: Memory Usage (426912K) : nometfiller_drw has 0 polygons
2026-09-02 19:05:17 -0400: Memory Usage (426912K) : prboundary_drw has 0 polygons
2026-09-02 19:05:17 -0400: Memory Usage (426912K) : exchange0_drw has 0 polygons
2026-09-02 19:05:17 -0400: Memory Usage (426912K) : exchange0_pin has 0 polygons
2026-09-02 19:05:17 -0400: Memory Usage (426912K) : exchange0_text has 0 polygons
2026-09-02 19:05:17 -0400: Memory Usage (427176K) : exchange1_drw has 0 polygons
2026-09-02 19:05:17 -0400: Memory Usage (427176K) : exchange1_pin has 0 polygons
2026-09-02 19:05:17 -0400: Memory Usage (427176K) : exchange1_text has 0 polygons
2026-09-02 19:05:17 -0400: Memory Usage (427176K) : exchange2_drw has 0 polygons
2026-09-02 19:05:17 -0400: Memory Usage (427176K) : exchange2_pin has 0 polygons
2026-09-02 19:05:17 -0400: Memory Usage (427176K) : exchange2_text has 0 polygons
2026-09-02 19:05:17 -0400: Memory Usage (427440K) : exchange3_drw has 0 polygons
2026-09-02 19:05:17 -0400: Memory Usage (427440K) : exchange3_pin has 0 polygons
2026-09-02 19:05:17 -0400: Memory Usage (427440K) : exchange3_text has 0 polygons
2026-09-02 19:05:17 -0400: Memory Usage (427440K) : exchange4_drw has 0 polygons
2026-09-02 19:05:17 -0400: Memory Usage (427440K) : exchange4_pin has 0 polygons
2026-09-02 19:05:17 -0400: Memory Usage (427440K) : exchange4_text has 0 polygons
2026-09-02 19:05:17 -0400: Memory Usage (427704K) : isonwell_drw has 0 polygons
2026-09-02 19:05:17 -0400: Memory Usage (427704K) : Total no. of polygons in the design is 2538
2026-09-02 19:05:17 -0400: Memory Usage (427704K) : Loaded TECH DRC rules values from /home/noorizad/local/pdks/ihp-sg13g2/libs.tech/klayout/python/sg13g2_pycell_lib/sg13g2_tech_mod.json
2026-09-02 19:05:17 -0400: Memory Usage (427704K) : Loaded default DRC rules values from /home/noorizad/local/pdks/ihp-sg13g2/libs.tech/klayout/tech/drc/rule_decks/sg13g2_tech_default.json
2026-09-02 19:05:17 -0400: Memory Usage (427704K) : The following rules values were missing in tech json and default values were used:
2026-09-02 19:05:17 -0400: Memory Usage (427704K) :   - Cnt_c_digibnd
2026-09-02 19:05:17 -0400: Memory Usage (427704K) : Total area of the design is 7166.172 um^2.
2026-09-02 19:05:17 -0400: Memory Usage (427704K) : The design dimensions are 97.05000000000001 µm * 73.84 µm.
2026-09-02 19:05:17 -0400: Memory Usage (427704K) : Starting general IHP-SG13G2 derivations.
2026-09-02 19:05:17 -0400: Memory Usage (427704K) : Starting Pwell derivations
2026-09-02 19:05:17 -0400: Memory Usage (428952K) : Starting n-Activ derivations
2026-09-02 19:05:17 -0400: Memory Usage (467060K) : Starting p-Activ derivations
2026-09-02 19:05:17 -0400: Memory Usage (440532K) : Starting ptap derivations
2026-09-02 19:05:17 -0400: Memory Usage (450504K) : Starting ntap derivations
2026-09-02 19:05:17 -0400: Memory Usage (437740K) : Starting pact FET derivations
2026-09-02 19:05:17 -0400: Memory Usage (437108K) : Starting nact FET derivations
2026-09-02 19:05:17 -0400: Memory Usage (463024K) : Starting Gate derivations
2026-09-02 19:05:17 -0400: Memory Usage (438056K) : Starting cont/contbar general derivations
2026-09-02 19:05:17 -0400: Memory Usage (438856K) : Starting pad general derivations
2026-09-02 19:05:17 -0400: Memory Usage (436848K) : Starting IHP-SG13G2 DRC connectivity related derivations.
2026-09-02 19:05:17 -0400: Memory Usage (446196K) : Starting IHP-SG13G2 DRC connectivity setup
2026-09-02 19:05:17 -0400: Memory Usage (437792K) : Starting IHP-SG13G2 DRC rules.
2026-09-02 19:05:17 -0400: Memory Usage (437792K) : Running all FEOL rules
2026-09-02 19:05:17 -0400: Memory Usage (437792K) : Running all BEOL rules
2026-09-02 19:05:17 -0400: Memory Usage (437792K) : Starting 3.2. FORBIDDEN table
2026-09-02 19:05:17 -0400: Memory Usage (437792K) : Executing rule forbidden.biwind
2026-09-02 19:05:17 -0400: Memory Usage (437792K) : Executing rule forbidden.pemwind
2026-09-02 19:05:17 -0400: Memory Usage (437792K) : Executing rule forbidden.baspoly
2026-09-02 19:05:17 -0400: Memory Usage (438356K) : Executing rule forbidden.deepco
2026-09-02 19:05:17 -0400: Memory Usage (438356K) : Executing rule forbidden.pempoly
2026-09-02 19:05:17 -0400: Memory Usage (438356K) : Executing rule forbidden.empoly
2026-09-02 19:05:17 -0400: Memory Usage (438356K) : Executing rule forbidden.ldmos
2026-09-02 19:05:17 -0400: Memory Usage (438356K) : Executing rule forbidden.pbiwind
2026-09-02 19:05:17 -0400: Memory Usage (438356K) : Executing rule forbidden.nodrc
2026-09-02 19:05:17 -0400: Memory Usage (438620K) : Executing rule forbidden.flash
2026-09-02 19:05:17 -0400: Memory Usage (438620K) : Executing rule forbidden.colwind
2026-09-02 19:05:17 -0400: Memory Usage (438620K) : Starting 5.1 NWell table
2026-09-02 19:05:17 -0400: Memory Usage (438620K) : Executing rule NW.b
2026-09-02 19:05:17 -0400: Memory Usage (438620K) : Executing rule NW.b1
2026-09-02 19:05:17 -0400: Memory Usage (438620K) : Starting 5.2 PWell:block
2026-09-02 19:05:17 -0400: Memory Usage (438620K) : Executing rule PWB.e
2026-09-02 19:05:17 -0400: Memory Usage (438620K) : Executing rule PWB.e1
2026-09-02 19:05:17 -0400: Memory Usage (438620K) : Executing rule PWB.f
2026-09-02 19:05:17 -0400: Memory Usage (438620K) : Executing rule PWB.f1
2026-09-02 19:05:17 -0400: Memory Usage (438620K) : Starting 5.3 nBuLay table
2026-09-02 19:05:17 -0400: Memory Usage (438620K) : Executing rule NBL.b
2026-09-02 19:05:17 -0400: Memory Usage (438620K) : Executing rule NBL.c
2026-09-02 19:05:17 -0400: Memory Usage (438620K) : Executing rule NBL.d
2026-09-02 19:05:17 -0400: Memory Usage (438620K) : Executing rule NBL.e
2026-09-02 19:05:17 -0400: Memory Usage (438620K) : Executing rule NBL.f
2026-09-02 19:05:17 -0400: Memory Usage (438620K) : Starting 5.5. Activ table
2026-09-02 19:05:17 -0400: Memory Usage (438620K) : Executing rule Act.a
2026-09-02 19:05:17 -0400: Memory Usage (439004K) : Executing rule Act.b
2026-09-02 19:05:17 -0400: Memory Usage (441800K) : Starting 5.6 Activ:filler table
2026-09-02 19:05:17 -0400: Memory Usage (440652K) : Executing rule AFil.c1
2026-09-02 19:05:17 -0400: Memory Usage (439844K) : Executing rule AFil.c
2026-09-02 19:05:17 -0400: Memory Usage (439556K) : Executing rule AFil.d
2026-09-02 19:05:17 -0400: Memory Usage (439556K) : Executing rule AFil.e
2026-09-02 19:05:17 -0400: Memory Usage (439556K) : Executing rule AFil.j
2026-09-02 19:05:17 -0400: Memory Usage (439556K) : Starting 5.7. ThickGateOx table
2026-09-02 19:05:17 -0400: Memory Usage (439556K) : Executing rule TGO.f
2026-09-02 19:05:17 -0400: Memory Usage (439556K) : Starting 5.8. GatPoly table
2026-09-02 19:05:17 -0400: Memory Usage (439556K) : Executing rule Gat.a
2026-09-02 19:05:17 -0400: Memory Usage (439556K) : Executing rule Gat.b
2026-09-02 19:05:17 -0400: Memory Usage (464200K) : Executing rule Gat.d
2026-09-02 19:05:17 -0400: Memory Usage (441272K) : Executing rule Gat.a1
2026-09-02 19:05:17 -0400: Memory Usage (441688K) : Executing rule Gat.a2
2026-09-02 19:05:17 -0400: Memory Usage (441996K) : Executing rule Gat.g
2026-09-02 19:05:18 -0400: Memory Usage (441748K) : Starting 5.9 GatPoly:filler
2026-09-02 19:05:18 -0400: Memory Usage (439908K) : Executing rule GFil.d
2026-09-02 19:05:18 -0400: Memory Usage (439908K) : Executing rule GFil.e
2026-09-02 19:05:18 -0400: Memory Usage (439908K) : Executing rule GFil.i
2026-09-02 19:05:18 -0400: Memory Usage (439908K) : Starting 5.10 pSD table
2026-09-02 19:05:18 -0400: Memory Usage (439908K) : Executing rule pSD.c1
2026-09-02 19:05:18 -0400: Memory Usage (442088K) : Starting 5.14. Cont table
2026-09-02 19:05:18 -0400: Memory Usage (442024K) : Executing rule Cnt.a
2026-09-02 19:05:18 -0400: Memory Usage (440140K) : Executing rule Cnt.b
2026-09-02 19:05:18 -0400: Memory Usage (442156K) : Executing rule Cnt.c
2026-09-02 19:05:18 -0400: Memory Usage (442516K) : Executing rule Cnt.c
2026-09-02 19:05:18 -0400: Memory Usage (441088K) : Executing rule Cnt.d
2026-09-02 19:05:18 -0400: Memory Usage (442132K) : Executing rule Cnt.e
2026-09-02 19:05:18 -0400: Memory Usage (442516K) : Executing rule Cnt.g1
2026-09-02 19:05:18 -0400: Memory Usage (442440K) : Executing rule Cnt.g2
2026-09-02 19:05:18 -0400: Memory Usage (443200K) : Starting 5.15. ContBar table
2026-09-02 19:05:18 -0400: Memory Usage (443128K) : Executing rule CntB.b1
2026-09-02 19:05:18 -0400: Memory Usage (443196K) : Executing rule CntB.h1
2026-09-02 19:05:18 -0400: Memory Usage (457732K) : Starting 5.16. Metal1 table
2026-09-02 19:05:18 -0400: Memory Usage (457732K) : Executing rule M1.a
2026-09-02 19:05:18 -0400: Memory Usage (442044K) : Executing rule M1.b
2026-09-02 19:05:18 -0400: Memory Usage (443244K) : Executing rule M1.e
2026-09-02 19:05:18 -0400: Memory Usage (441372K) : Executing rule M1.f
2026-09-02 19:05:18 -0400: Memory Usage (441372K) : Executing rule M1.g
2026-09-02 19:05:18 -0400: Memory Usage (442960K) : Executing rule M1.i
2026-09-02 19:05:18 -0400: Memory Usage (442636K) : Starting 5.17 Metaln table
2026-09-02 19:05:18 -0400: Memory Usage (442548K) : Executing rule M2.a
2026-09-02 19:05:18 -0400: Memory Usage (441268K) : Executing rule M2.b
2026-09-02 19:05:18 -0400: Memory Usage (443604K) : Executing rule M2.e
2026-09-02 19:05:18 -0400: Memory Usage (443764K) : Executing rule M2.f
2026-09-02 19:05:18 -0400: Memory Usage (441644K) : Executing rule M2.g
2026-09-02 19:05:18 -0400: Memory Usage (443464K) : Executing rule M2.i
2026-09-02 19:05:18 -0400: Memory Usage (443600K) : Executing rule M3.a
2026-09-02 19:05:18 -0400: Memory Usage (442352K) : Executing rule M3.b
2026-09-02 19:05:18 -0400: Memory Usage (443060K) : Executing rule M3.e
2026-09-02 19:05:18 -0400: Memory Usage (442944K) : Executing rule M3.f
2026-09-02 19:05:18 -0400: Memory Usage (441288K) : Executing rule M3.g
2026-09-02 19:05:18 -0400: Memory Usage (443476K) : Executing rule M3.i
2026-09-02 19:05:18 -0400: Memory Usage (460164K) : Executing rule M4.a
2026-09-02 19:05:18 -0400: Memory Usage (442820K) : Executing rule M4.b
2026-09-02 19:05:18 -0400: Memory Usage (443808K) : Executing rule M4.e
2026-09-02 19:05:18 -0400: Memory Usage (443164K) : Executing rule M4.f
2026-09-02 19:05:18 -0400: Memory Usage (441428K) : Executing rule M4.g
2026-09-02 19:05:18 -0400: Memory Usage (443836K) : Executing rule M4.i
2026-09-02 19:05:18 -0400: Memory Usage (443000K) : Executing rule M5.a
2026-09-02 19:05:18 -0400: Memory Usage (441728K) : Executing rule M5.b
2026-09-02 19:05:18 -0400: Memory Usage (443260K) : Executing rule M5.e
2026-09-02 19:05:18 -0400: Memory Usage (443252K) : Executing rule M5.f
2026-09-02 19:05:18 -0400: Memory Usage (441404K) : Executing rule M5.g
2026-09-02 19:05:18 -0400: Memory Usage (443552K) : Executing rule M5.i
2026-09-02 19:05:18 -0400: Memory Usage (443364K) : Starting 5.18 Metaln:filler table
2026-09-02 19:05:18 -0400: Memory Usage (443292K) : Executing rule M1Fil.c
2026-09-02 19:05:18 -0400: Memory Usage (442252K) : Executing rule M1Fil.a2
2026-09-02 19:05:18 -0400: Memory Usage (441588K) : Executing rule M2Fil.c
2026-09-02 19:05:18 -0400: Memory Usage (441588K) : Executing rule M2Fil.a2
2026-09-02 19:05:18 -0400: Memory Usage (441588K) : Executing rule M3Fil.c
2026-09-02 19:05:18 -0400: Memory Usage (441588K) : Executing rule M3Fil.a2
2026-09-02 19:05:18 -0400: Memory Usage (441588K) : Executing rule M4Fil.c
2026-09-02 19:05:18 -0400: Memory Usage (441588K) : Executing rule M4Fil.a2
2026-09-02 19:05:18 -0400: Memory Usage (441588K) : Executing rule M5Fil.c
2026-09-02 19:05:18 -0400: Memory Usage (441588K) : Executing rule M5Fil.a2
2026-09-02 19:05:18 -0400: Memory Usage (441588K) : Starting 5.19. Via1 table
2026-09-02 19:05:18 -0400: Memory Usage (441588K) : Starting 5.19. Via1 table derivations
2026-09-02 19:05:18 -0400: Memory Usage (441588K) : Executing rule V1.a
2026-09-02 19:05:18 -0400: Memory Usage (441588K) : Executing rule V1.b
2026-09-02 19:05:18 -0400: Memory Usage (443520K) : Executing rule V1.c
2026-09-02 19:05:18 -0400: Memory Usage (466352K) : Starting 5.20. Vian table
2026-09-02 19:05:18 -0400: Memory Usage (443552K) : Executing rule V2.a
2026-09-02 19:05:18 -0400: Memory Usage (441704K) : Executing rule V2.b
2026-09-02 19:05:18 -0400: Memory Usage (441708K) : Executing rule V2.c
2026-09-02 19:05:18 -0400: Memory Usage (442684K) : Executing rule V3.a
2026-09-02 19:05:18 -0400: Memory Usage (441692K) : Executing rule V3.b
2026-09-02 19:05:18 -0400: Memory Usage (443788K) : Executing rule V3.c
2026-09-02 19:05:18 -0400: Memory Usage (443360K) : Executing rule V4.a
2026-09-02 19:05:18 -0400: Memory Usage (441708K) : Executing rule V4.b
2026-09-02 19:05:18 -0400: Memory Usage (443696K) : Executing rule V4.c
2026-09-02 19:05:19 -0400: Memory Usage (458604K) : Starting 5.21. TopVia1 table
2026-09-02 19:05:19 -0400: Memory Usage (443932K) : Executing rule TV1.a
2026-09-02 19:05:19 -0400: Memory Usage (442032K) : Executing rule TV1.b
2026-09-02 19:05:19 -0400: Memory Usage (443752K) : Executing rule TV1.c
2026-09-02 19:05:19 -0400: Memory Usage (454440K) : Executing rule TV1.d
2026-09-02 19:05:19 -0400: Memory Usage (462556K) : Starting 5.22. TopMetal1 table
2026-09-02 19:05:19 -0400: Memory Usage (456484K) : Executing rule TM1.a
2026-09-02 19:05:19 -0400: Memory Usage (443268K) : Executing rule TM1.b
2026-09-02 19:05:19 -0400: Memory Usage (443408K) : Starting 5.23 TopMetal1:filler table
2026-09-02 19:05:19 -0400: Memory Usage (443360K) : Executing rule TM1Fil.c
2026-09-02 19:05:19 -0400: Memory Usage (442312K) : Executing rule TM1Fil.a1
2026-09-02 19:05:19 -0400: Memory Usage (441784K) : Starting 5.24. TopVia2 table
2026-09-02 19:05:19 -0400: Memory Usage (441784K) : Executing rule TV2.a
2026-09-02 19:05:19 -0400: Memory Usage (441784K) : Executing rule TV2.b
2026-09-02 19:05:19 -0400: Memory Usage (444092K) : Executing rule TV2.c
2026-09-02 19:05:19 -0400: Memory Usage (443952K) : Executing rule TV2.d
2026-09-02 19:05:19 -0400: Memory Usage (444080K) : Starting 5.25. TopMetal2 table
2026-09-02 19:05:19 -0400: Memory Usage (444032K) : Executing rule TM2.a
2026-09-02 19:05:19 -0400: Memory Usage (442948K) : Executing rule TM2.b
2026-09-02 19:05:19 -0400: Memory Usage (443872K) : Executing rule TM2.bR
2026-09-02 19:05:19 -0400: Memory Usage (441876K) : Starting 5.26 TopMetal2:filler table
2026-09-02 19:05:19 -0400: Memory Usage (441876K) : Executing rule TM2Fil.c
2026-09-02 19:05:19 -0400: Memory Usage (441876K) : Executing rule TM2Fil.a1
2026-09-02 19:05:19 -0400: Memory Usage (441876K) : Starting 5.27. Passiv table
2026-09-02 19:05:19 -0400: Memory Usage (441876K) : Executing rule Pas.a
2026-09-02 19:05:19 -0400: Memory Usage (441876K) : Executing rule Pas.b
2026-09-02 19:05:19 -0400: Memory Usage (441876K) : Executing rule Pas.c
2026-09-02 19:05:19 -0400: Memory Usage (441876K) : Starting 6.1.3 NPN Substrate-Tie table
2026-09-02 19:05:19 -0400: Memory Usage (466428K) : Executing rule npn13G2.bR 
2026-09-02 19:05:19 -0400: Memory Usage (444176K) : Executing rule npn13G2L.cR 
2026-09-02 19:05:19 -0400: Memory Usage (443136K) : Executing rule npn13G2V.cR 
2026-09-02 19:05:19 -0400: Memory Usage (442024K) : Starting 6.7 Schottky diode table
2026-09-02 19:05:19 -0400: Memory Usage (442024K) : Executing rule Sdiod.d
2026-09-02 19:05:19 -0400: Memory Usage (442024K) : Executing rule Sdiod.e
2026-09-02 19:05:19 -0400: Memory Usage (442024K) : Starting 6.9.2 Copper Pillar table
2026-09-02 19:05:19 -0400: Memory Usage (442024K) : Executing rule Padc.a
2026-09-02 19:05:19 -0400: Memory Usage (442024K) : Executing rule Padc.b
2026-09-02 19:05:19 -0400: Memory Usage (442024K) : Executing rule Padc.c
2026-09-02 19:05:19 -0400: Memory Usage (442024K) : Executing rule Padb.f
2026-09-02 19:05:19 -0400: Memory Usage (442024K) : Starting 6.9 Pad table
2026-09-02 19:05:19 -0400: Memory Usage (442024K) : Executing rule Pad.m
2026-09-02 19:05:19 -0400: Memory Usage (442024K) : Executing rule Pad.fR_M1
2026-09-02 19:05:19 -0400: Memory Usage (442024K) : Executing rule Pad.fR_M2
2026-09-02 19:05:19 -0400: Memory Usage (442024K) : Executing rule Pad.fR_M3
2026-09-02 19:05:19 -0400: Memory Usage (442024K) : Executing rule Pad.fR_M4
2026-09-02 19:05:19 -0400: Memory Usage (442024K) : Executing rule Pad.fR_M5
2026-09-02 19:05:19 -0400: Memory Usage (442024K) : Executing rule Pad.fR_TM1
2026-09-02 19:05:19 -0400: Memory Usage (442024K) : Executing rule Pad.fR_TM2
2026-09-02 19:05:19 -0400: Memory Usage (442024K) : Executing rule Pad.i
2026-09-02 19:05:19 -0400: Memory Usage (442024K) : Starting 6.9.1 Solder Bump
2026-09-02 19:05:19 -0400: Memory Usage (442024K) : Executing rule Padb.a
2026-09-02 19:05:19 -0400: Memory Usage (442024K) : Executing rule Padb.b
2026-09-02 19:05:19 -0400: Memory Usage (442024K) : Executing rule Padb.c
2026-09-02 19:05:19 -0400: Memory Usage (442024K) : Executing rule Padb.f
2026-09-02 19:05:19 -0400: Memory Usage (442024K) : Executing rule Padb.d
2026-09-02 19:05:19 -0400: Memory Usage (442024K) : Starting 6.10 Sealring table
2026-09-02 19:05:19 -0400: Memory Usage (442024K) : Executing rule Seal.l
2026-09-02 19:05:19 -0400: Memory Usage (442024K) : Executing rule Seal.n
2026-09-02 19:05:19 -0400: Memory Usage (442024K) : Executing rule seal.b_metal1
2026-09-02 19:05:19 -0400: Memory Usage (442024K) : Executing rule seal.b_metal2
2026-09-02 19:05:19 -0400: Memory Usage (442024K) : Executing rule seal.b_metal3
2026-09-02 19:05:19 -0400: Memory Usage (442024K) : Executing rule seal.b_metal4
2026-09-02 19:05:19 -0400: Memory Usage (442024K) : Executing rule seal.b_metal5
2026-09-02 19:05:19 -0400: Memory Usage (442024K) : Executing rule seal.b_topmetal1
2026-09-02 19:05:19 -0400: Memory Usage (442024K) : Executing rule seal.b_topmetal2
2026-09-02 19:05:19 -0400: Memory Usage (442024K) : Executing rule seal.b_activ
2026-09-02 19:05:19 -0400: Memory Usage (442024K) : Executing rule seal.b_psd
2026-09-02 19:05:19 -0400: Memory Usage (442024K) : Executing rule Seal.k
2026-09-02 19:05:19 -0400: Memory Usage (442024K) : Executing rule Seal.m
2026-09-02 19:05:19 -0400: Memory Usage (442024K) : Starting 6.11 MIM table
2026-09-02 19:05:19 -0400: Memory Usage (442024K) : Executing rule MIM.c
2026-09-02 19:05:19 -0400: Memory Usage (444188K) : Executing rule MIM.d
2026-09-02 19:05:19 -0400: Memory Usage (443704K) : Executing rule MIM.gR
2026-09-02 19:05:19 -0400: Memory Usage (443196K) : Starting 7.2 Latch-up table
2026-09-02 19:05:19 -0400: Memory Usage (443140K) : Executing rule LU.b
2026-09-02 19:05:19 -0400: Memory Usage (444124K) : Starting 7.3 Metal Slits table
2026-09-02 19:05:19 -0400: Memory Usage (444068K) : Executing rule Slt.e1_M1
2026-09-02 19:05:19 -0400: Memory Usage (442932K) : Executing rule Slt.e1_M2
2026-09-02 19:05:19 -0400: Memory Usage (442076K) : Executing rule Slt.e1_M3
2026-09-02 19:05:19 -0400: Memory Usage (441948K) : Executing rule Slt.e1_M4
2026-09-02 19:05:19 -0400: Memory Usage (441948K) : Executing rule Slt.e1_M5
2026-09-02 19:05:19 -0400: Memory Usage (441948K) : Executing rule Slt.e1_TM1
2026-09-02 19:05:19 -0400: Memory Usage (441948K) : Executing rule Slt.e1_TM2
2026-09-02 19:05:19 -0400: Memory Usage (441948K) : Starting 7.4. PIN table
2026-09-02 19:05:19 -0400: Memory Usage (441948K) : Executing rule Pin.a
2026-09-02 19:05:19 -0400: Memory Usage (441948K) : Executing rule Pin.b
2026-09-02 19:05:19 -0400: Memory Usage (441948K) : Executing rule Pin.e
2026-09-02 19:05:19 -0400: Memory Usage (443668K) : Executing rule Pin.f_M2
2026-09-02 19:05:19 -0400: Memory Usage (444248K) : Executing rule Pin.f_M3
2026-09-02 19:05:19 -0400: Memory Usage (443108K) : Executing rule Pin.f_M4
2026-09-02 19:05:19 -0400: Memory Usage (442236K) : Executing rule Pin.f_M5
2026-09-02 19:05:19 -0400: Memory Usage (444060K) : Executing rule Pin.g
2026-09-02 19:05:19 -0400: Memory Usage (444396K) : Executing rule Pin.h
2026-09-02 19:05:19 -0400: Memory Usage (443428K) : Starting 9.1. LBE table
2026-09-02 19:05:19 -0400: Memory Usage (442620K) : Executing rule LBE.a
2026-09-02 19:05:19 -0400: Memory Usage (442140K) : Executing rule LBE.b
2026-09-02 19:05:19 -0400: Memory Usage (442140K) : Executing rule LBE.b1
2026-09-02 19:05:19 -0400: Memory Usage (442140K) : Executing rule LBE.c
2026-09-02 19:05:19 -0400: Memory Usage (442140K) : Executing rule LBE.d
2026-09-02 19:05:19 -0400: Memory Usage (442140K) : Executing rule LBE.h
2026-09-02 19:05:19 -0400: Memory Usage (442140K) : KLayout DRC run for table 'main' completed in 2.36 seconds
2026-09-02 19:06:43 -0400: Memory Usage (413796K) : Starting running IHP-SG13G2 Klayout DRC runset on /home/noorizad/spicexplorer-workspace/external/pam4-wt/codesign-r4/report/work/g/dut_pam4.gds
2026-09-02 19:06:43 -0400: Memory Usage (413796K) : Ruby Version for klayout: 2.5.9
2026-09-02 19:06:43 -0400: Memory Usage (413796K) : Loading database to memory is complete.
2026-09-02 19:06:43 -0400: Memory Usage (413796K) : IHP-SG13G2 Klayout DRC runset output at: /home/noorizad/spicexplorer-workspace/external/pam4-wt/codesign-r4/report/work/g/signoff/drc/dut_pam4_pam4drv_pam4_lay_main.lyrdb
2026-09-02 19:06:43 -0400: Memory Usage (413796K) : Evaluate switches.
2026-09-02 19:06:43 -0400: Memory Usage (413796K) : table_name selected  main
2026-09-02 19:06:43 -0400: Memory Usage (413796K) : Klayout will use 128 thread(s)
2026-09-02 19:06:43 -0400: Memory Usage (413796K) : deep mode is enabled for main table.
2026-09-02 19:06:43 -0400: Memory Usage (413796K) : FEOL enabled: true
2026-09-02 19:06:43 -0400: Memory Usage (413796K) : BEOL enabled: true
2026-09-02 19:06:43 -0400: Memory Usage (413796K) : OffGrid enabled: true
2026-09-02 19:06:43 -0400: Memory Usage (413796K) : PreCheck DRC enabled: false
2026-09-02 19:06:43 -0400: Memory Usage (413796K) : CONNECTIVITY_RULES enabled: true for table main
2026-09-02 19:06:43 -0400: Memory Usage (413796K) : Read in polygons from layers.
2026-09-02 19:06:43 -0400: Memory Usage (413796K) : activ_drw has 68 polygons
2026-09-02 19:06:43 -0400: Memory Usage (413796K) : activ_pin has 0 polygons
2026-09-02 19:06:43 -0400: Memory Usage (413796K) : activ_mask has 12 polygons
2026-09-02 19:06:43 -0400: Memory Usage (413796K) : activ_filler has 0 polygons
2026-09-02 19:06:43 -0400: Memory Usage (413796K) : activ_nofill has 0 polygons
2026-09-02 19:06:43 -0400: Memory Usage (413796K) : activ_opc has 0 polygons
2026-09-02 19:06:43 -0400: Memory Usage (413796K) : activ_iopc has 0 polygons
2026-09-02 19:06:43 -0400: Memory Usage (413796K) : activ_noqrc has 0 polygons
2026-09-02 19:06:43 -0400: Memory Usage (413796K) : biwind_drw has 0 polygons
2026-09-02 19:06:43 -0400: Memory Usage (413796K) : biwind_opc has 0 polygons
2026-09-02 19:06:43 -0400: Memory Usage (413796K) : pemwind_drw has 0 polygons
2026-09-02 19:06:43 -0400: Memory Usage (413796K) : gatpoly_drw has 24 polygons
2026-09-02 19:06:43 -0400: Memory Usage (413796K) : gatpoly_pin has 0 polygons
2026-09-02 19:06:43 -0400: Memory Usage (413796K) : gatpoly_filler has 0 polygons
2026-09-02 19:06:43 -0400: Memory Usage (413796K) : gatpoly_nofill has 0 polygons
2026-09-02 19:06:43 -0400: Memory Usage (413796K) : gatpoly_opc has 0 polygons
2026-09-02 19:06:43 -0400: Memory Usage (413796K) : gatpoly_iopc has 0 polygons
2026-09-02 19:06:43 -0400: Memory Usage (413796K) : gatpoly_noqrc has 0 polygons
2026-09-02 19:06:43 -0400: Memory Usage (413796K) : cont_drw has 928 polygons
2026-09-02 19:06:43 -0400: Memory Usage (413796K) : cont_opc has 0 polygons
2026-09-02 19:06:43 -0400: Memory Usage (413796K) : nsd_drw has 0 polygons
2026-09-02 19:06:43 -0400: Memory Usage (413796K) : nsd_block has 24 polygons
2026-09-02 19:06:43 -0400: Memory Usage (413796K) : metal1_drw has 96 polygons
2026-09-02 19:06:43 -0400: Memory Usage (413796K) : metal1_pin has 48 polygons
2026-09-02 19:06:43 -0400: Memory Usage (413796K) : metal1_mask has 0 polygons
2026-09-02 19:06:43 -0400: Memory Usage (416000K) : metal1_filler has 0 polygons
2026-09-02 19:06:43 -0400: Memory Usage (416000K) : metal1_nofill has 0 polygons
2026-09-02 19:06:43 -0400: Memory Usage (416000K) : metal1_slit has 0 polygons
2026-09-02 19:06:43 -0400: Memory Usage (416000K) : metal1_text has 6 polygons
2026-09-02 19:06:43 -0400: Memory Usage (416000K) : metal1_opc has 0 polygons
2026-09-02 19:06:43 -0400: Memory Usage (416000K) : metal1_noqrc has 0 polygons
2026-09-02 19:06:43 -0400: Memory Usage (416444K) : metal1_res has 0 polygons
2026-09-02 19:06:43 -0400: Memory Usage (416444K) : metal1_iprobe has 0 polygons
2026-09-02 19:06:43 -0400: Memory Usage (416444K) : metal1_diffprb has 0 polygons
2026-09-02 19:06:43 -0400: Memory Usage (416444K) : passiv_drw has 0 polygons
2026-09-02 19:06:43 -0400: Memory Usage (416444K) : passiv_pin has 0 polygons
2026-09-02 19:06:43 -0400: Memory Usage (416444K) : passiv_sbump has 0 polygons
2026-09-02 19:06:43 -0400: Memory Usage (416708K) : passiv_pillar has 0 polygons
2026-09-02 19:06:43 -0400: Memory Usage (416708K) : passiv_pdl has 0 polygons
2026-09-02 19:06:43 -0400: Memory Usage (416708K) : metal2_drw has 34 polygons
2026-09-02 19:06:43 -0400: Memory Usage (416708K) : metal2_pin has 12 polygons
2026-09-02 19:06:43 -0400: Memory Usage (416708K) : metal2_mask has 0 polygons
2026-09-02 19:06:43 -0400: Memory Usage (416708K) : metal2_filler has 0 polygons
2026-09-02 19:06:43 -0400: Memory Usage (416708K) : metal2_nofill has 0 polygons
2026-09-02 19:06:43 -0400: Memory Usage (416708K) : metal2_slit has 0 polygons
2026-09-02 19:06:43 -0400: Memory Usage (416708K) : metal2_text has 0 polygons
2026-09-02 19:06:43 -0400: Memory Usage (416708K) : metal2_opc has 0 polygons
2026-09-02 19:06:43 -0400: Memory Usage (416708K) : metal2_noqrc has 0 polygons
2026-09-02 19:06:43 -0400: Memory Usage (416708K) : metal2_res has 0 polygons
2026-09-02 19:06:43 -0400: Memory Usage (416708K) : metal2_iprobe has 0 polygons
2026-09-02 19:06:43 -0400: Memory Usage (416708K) : metal2_diffprb has 0 polygons
2026-09-02 19:06:43 -0400: Memory Usage (416972K) : baspoly_drw has 0 polygons
2026-09-02 19:06:43 -0400: Memory Usage (416972K) : baspoly_pin has 0 polygons
2026-09-02 19:06:43 -0400: Memory Usage (416972K) : psd_drw has 20 polygons
2026-09-02 19:06:43 -0400: Memory Usage (416972K) : nldb_drw has 0 polygons
2026-09-02 19:06:43 -0400: Memory Usage (416972K) : digibnd_drw has 0 polygons
2026-09-02 19:06:43 -0400: Memory Usage (416972K) : via1_drw has 446 polygons
2026-09-02 19:06:43 -0400: Memory Usage (417236K) : backmetal1_drw has 0 polygons
2026-09-02 19:06:43 -0400: Memory Usage (417236K) : backmetal1_pin has 0 polygons
2026-09-02 19:06:43 -0400: Memory Usage (417236K) : backmetal1_mask has 0 polygons
2026-09-02 19:06:43 -0400: Memory Usage (417236K) : backmetal1_filler has 0 polygons
2026-09-02 19:06:43 -0400: Memory Usage (417236K) : backmetal1_nofill has 0 polygons
2026-09-02 19:06:43 -0400: Memory Usage (417236K) : backmetal1_slit has 0 polygons
2026-09-02 19:06:43 -0400: Memory Usage (417500K) : backmetal1_text has 0 polygons
2026-09-02 19:06:43 -0400: Memory Usage (417500K) : backmetal1_opc has 0 polygons
2026-09-02 19:06:43 -0400: Memory Usage (417500K) : backmetal1_noqrc has 0 polygons
2026-09-02 19:06:43 -0400: Memory Usage (417500K) : backmetal1_res has 0 polygons
2026-09-02 19:06:43 -0400: Memory Usage (417500K) : backmetal1_iprobe has 0 polygons
2026-09-02 19:06:43 -0400: Memory Usage (417500K) : backmetal1_diffprb has 0 polygons
2026-09-02 19:06:43 -0400: Memory Usage (417764K) : backpassiv_drw has 0 polygons
2026-09-02 19:06:43 -0400: Memory Usage (417764K) : res_drw has 12 polygons
2026-09-02 19:06:43 -0400: Memory Usage (417764K) : sram_drw has 0 polygons
2026-09-02 19:06:43 -0400: Memory Usage (417764K) : trans_drw has 12 polygons
2026-09-02 19:06:43 -0400: Memory Usage (417764K) : ind_drw has 0 polygons
2026-09-02 19:06:43 -0400: Memory Usage (418028K) : ind_pin has 0 polygons
2026-09-02 19:06:43 -0400: Memory Usage (418028K) : ind_text has 0 polygons
2026-09-02 19:06:43 -0400: Memory Usage (418028K) : salblock_drw has 0 polygons
2026-09-02 19:06:43 -0400: Memory Usage (418028K) : via2_drw has 184 polygons
2026-09-02 19:06:43 -0400: Memory Usage (418028K) : metal3_drw has 26 polygons
2026-09-02 19:06:43 -0400: Memory Usage (418028K) : metal3_pin has 0 polygons
2026-09-02 19:06:43 -0400: Memory Usage (418292K) : metal3_mask has 0 polygons
2026-09-02 19:06:43 -0400: Memory Usage (418292K) : metal3_filler has 0 polygons
2026-09-02 19:06:43 -0400: Memory Usage (418292K) : metal3_nofill has 0 polygons
2026-09-02 19:06:43 -0400: Memory Usage (418292K) : metal3_slit has 0 polygons
2026-09-02 19:06:43 -0400: Memory Usage (418292K) : metal3_text has 0 polygons
2026-09-02 19:06:43 -0400: Memory Usage (418292K) : metal3_opc has 0 polygons
2026-09-02 19:06:43 -0400: Memory Usage (418292K) : metal3_noqrc has 0 polygons
2026-09-02 19:06:43 -0400: Memory Usage (418292K) : metal3_res has 0 polygons
2026-09-02 19:06:43 -0400: Memory Usage (418292K) : metal3_iprobe has 0 polygons
2026-09-02 19:06:43 -0400: Memory Usage (418292K) : metal3_diffprb has 0 polygons
2026-09-02 19:06:43 -0400: Memory Usage (418556K) : nwell_drw has 0 polygons
2026-09-02 19:06:43 -0400: Memory Usage (418556K) : nwell_pin has 0 polygons
2026-09-02 19:06:43 -0400: Memory Usage (418556K) : nbulay_drw has 0 polygons
2026-09-02 19:06:43 -0400: Memory Usage (418556K) : nbulay_pin has 0 polygons
2026-09-02 19:06:43 -0400: Memory Usage (418556K) : nbulay_block has 0 polygons
2026-09-02 19:06:43 -0400: Memory Usage (418556K) : emwind_drw has 36 polygons
2026-09-02 19:06:43 -0400: Memory Usage (418556K) : emwind_opc has 0 polygons
2026-09-02 19:06:43 -0400: Memory Usage (418820K) : deepco_drw has 0 polygons
2026-09-02 19:06:43 -0400: Memory Usage (418820K) : deepco_drw has 0 polygons
2026-09-02 19:06:43 -0400: Memory Usage (418820K) : mim_drw has 3 polygons
2026-09-02 19:06:43 -0400: Memory Usage (418820K) : edgeseal_drw has 0 polygons
2026-09-02 19:06:43 -0400: Memory Usage (418820K) : edgeseal_bound has 0 polygons
2026-09-02 19:06:43 -0400: Memory Usage (418820K) : substrate_drw has 0 polygons
2026-09-02 19:06:43 -0400: Memory Usage (419084K) : substrate_text has 0 polygons
2026-09-02 19:06:43 -0400: Memory Usage (419084K) : dfpad_drw has 0 polygons
2026-09-02 19:06:43 -0400: Memory Usage (419084K) : dfpad_pillar has 0 polygons
2026-09-02 19:06:43 -0400: Memory Usage (419084K) : dfpad_sbump has 0 polygons
2026-09-02 19:06:43 -0400: Memory Usage (419084K) : thickgateox_drw has 0 polygons
2026-09-02 19:06:43 -0400: Memory Usage (419084K) : pldb_drw has 0 polygons
2026-09-02 19:06:43 -0400: Memory Usage (419348K) : pwell_drw has 0 polygons
2026-09-02 19:06:43 -0400: Memory Usage (419348K) : pwell_pin has 0 polygons
2026-09-02 19:06:43 -0400: Memory Usage (419348K) : pwell_block has 0 polygons
2026-09-02 19:06:43 -0400: Memory Usage (419348K) : ic_drw has 0 polygons
2026-09-02 19:06:43 -0400: Memory Usage (419348K) : via3_drw has 184 polygons
2026-09-02 19:06:43 -0400: Memory Usage (419348K) : metal4_drw has 24 polygons
2026-09-02 19:06:43 -0400: Memory Usage (419612K) : metal4_pin has 0 polygons
2026-09-02 19:06:43 -0400: Memory Usage (419612K) : metal4_mask has 0 polygons
2026-09-02 19:06:43 -0400: Memory Usage (419612K) : metal4_filler has 0 polygons
2026-09-02 19:06:43 -0400: Memory Usage (419612K) : metal4_nofill has 3 polygons
2026-09-02 19:06:43 -0400: Memory Usage (419612K) : metal4_slit has 0 polygons
2026-09-02 19:06:43 -0400: Memory Usage (419612K) : metal4_text has 4 polygons
2026-09-02 19:06:43 -0400: Memory Usage (419876K) : metal4_opc has 0 polygons
2026-09-02 19:06:43 -0400: Memory Usage (419876K) : metal4_noqrc has 0 polygons
2026-09-02 19:06:43 -0400: Memory Usage (419876K) : metal4_res has 0 polygons
2026-09-02 19:06:43 -0400: Memory Usage (419876K) : metal4_iprobe has 0 polygons
2026-09-02 19:06:43 -0400: Memory Usage (419876K) : metal4_diffprb has 0 polygons
2026-09-02 19:06:43 -0400: Memory Usage (419876K) : heattrans_drw has 0 polygons
2026-09-02 19:06:43 -0400: Memory Usage (420140K) : heatres_drw has 12 polygons
2026-09-02 19:06:43 -0400: Memory Usage (420140K) : pempoly_drw has 0 polygons
2026-09-02 19:06:43 -0400: Memory Usage (420140K) : fbe_drw has 0 polygons
2026-09-02 19:06:43 -0400: Memory Usage (420140K) : empoly_drw has 0 polygons
2026-09-02 19:06:43 -0400: Memory Usage (420140K) : ldmos_drw has 0 polygons
2026-09-02 19:06:43 -0400: Memory Usage (420404K) : pbiwind_drw has 0 polygons
2026-09-02 19:06:43 -0400: Memory Usage (420404K) : digisub_drw has 0 polygons
2026-09-02 19:06:43 -0400: Memory Usage (420404K) : nodrc_drw has 0 polygons
2026-09-02 19:06:43 -0400: Memory Usage (420404K) : text_drw has 72 polygons
2026-09-02 19:06:43 -0400: Memory Usage (420404K) : via4_drw has 144 polygons
2026-09-02 19:06:43 -0400: Memory Usage (420404K) : metal5_drw has 16 polygons
2026-09-02 19:06:43 -0400: Memory Usage (420668K) : metal5_pin has 3 polygons
2026-09-02 19:06:43 -0400: Memory Usage (420668K) : metal5_mask has 0 polygons
2026-09-02 19:06:43 -0400: Memory Usage (420668K) : metal5_filler has 0 polygons
2026-09-02 19:06:43 -0400: Memory Usage (420668K) : metal5_nofill has 3 polygons
2026-09-02 19:06:43 -0400: Memory Usage (420668K) : metal5_slit has 0 polygons
2026-09-02 19:06:43 -0400: Memory Usage (420668K) : metal5_text has 0 polygons
2026-09-02 19:06:43 -0400: Memory Usage (420932K) : metal5_opc has 0 polygons
2026-09-02 19:06:43 -0400: Memory Usage (420932K) : metal5_noqrc has 0 polygons
2026-09-02 19:06:43 -0400: Memory Usage (420932K) : metal5_res has 0 polygons
2026-09-02 19:06:43 -0400: Memory Usage (420932K) : metal5_iprobe has 0 polygons
2026-09-02 19:06:43 -0400: Memory Usage (420932K) : metal5_diffprb has 0 polygons
2026-09-02 19:06:43 -0400: Memory Usage (420932K) : radhard_drw has 0 polygons
2026-09-02 19:06:43 -0400: Memory Usage (421196K) : memcap_drw has 3 polygons
2026-09-02 19:06:43 -0400: Memory Usage (421196K) : varicap_drw has 0 polygons
2026-09-02 19:06:43 -0400: Memory Usage (421196K) : flash_drw has 0 polygons
2026-09-02 19:06:43 -0400: Memory Usage (421196K) : intbondvia_drw has 0 polygons
2026-09-02 19:06:43 -0400: Memory Usage (421196K) : intbondmet_drw has 0 polygons
2026-09-02 19:06:43 -0400: Memory Usage (421460K) : devbondvia_drw has 0 polygons
2026-09-02 19:06:43 -0400: Memory Usage (421460K) : devbondmet_drw has 0 polygons
2026-09-02 19:06:43 -0400: Memory Usage (421460K) : devtrench_drw has 0 polygons
2026-09-02 19:06:43 -0400: Memory Usage (421460K) : redist_drw has 0 polygons
2026-09-02 19:06:43 -0400: Memory Usage (421460K) : graphbot_drw has 0 polygons
2026-09-02 19:06:43 -0400: Memory Usage (421460K) : graphtop_drw has 0 polygons
2026-09-02 19:06:43 -0400: Memory Usage (421724K) : antvia1_drw has 0 polygons
2026-09-02 19:06:43 -0400: Memory Usage (421724K) : antmetal2_drw has 0 polygons
2026-09-02 19:06:43 -0400: Memory Usage (421724K) : graphcont_drw has 0 polygons
2026-09-02 19:06:43 -0400: Memory Usage (421724K) : siwg_drw has 0 polygons
2026-09-02 19:06:43 -0400: Memory Usage (421724K) : siwg_filler has 0 polygons
2026-09-02 19:06:43 -0400: Memory Usage (421988K) : siwg_nofill has 0 polygons
2026-09-02 19:06:43 -0400: Memory Usage (421988K) : sigrating_drw has 0 polygons
2026-09-02 19:06:43 -0400: Memory Usage (421988K) : singrating_drw has 0 polygons
2026-09-02 19:06:43 -0400: Memory Usage (421988K) : graphpas_drw has 0 polygons
2026-09-02 19:06:43 -0400: Memory Usage (421988K) : emwind3_drw has 0 polygons
2026-09-02 19:06:43 -0400: Memory Usage (421988K) : emwihv3_drw has 0 polygons
2026-09-02 19:06:43 -0400: Memory Usage (422252K) : redbulay_drw has 0 polygons
2026-09-02 19:06:43 -0400: Memory Usage (422252K) : smos_drw has 0 polygons
2026-09-02 19:06:43 -0400: Memory Usage (422252K) : graphpad_drw has 0 polygons
2026-09-02 19:06:43 -0400: Memory Usage (422252K) : polimide_drw has 0 polygons
2026-09-02 19:06:43 -0400: Memory Usage (422252K) : polimide_pin has 0 polygons
2026-09-02 19:06:43 -0400: Memory Usage (422516K) : recog_drw has 0 polygons
2026-09-02 19:06:43 -0400: Memory Usage (422516K) : recog_pin has 0 polygons
2026-09-02 19:06:43 -0400: Memory Usage (422516K) : recog_esd has 0 polygons
2026-09-02 19:06:43 -0400: Memory Usage (422516K) : recog_diode has 0 polygons
2026-09-02 19:06:43 -0400: Memory Usage (422516K) : recog_tsv has 0 polygons
2026-09-02 19:06:43 -0400: Memory Usage (422516K) : recog_iprobe has 0 polygons
2026-09-02 19:06:43 -0400: Memory Usage (422780K) : recog_diffprb has 0 polygons
2026-09-02 19:06:43 -0400: Memory Usage (422780K) : recog_pillar has 0 polygons
2026-09-02 19:06:43 -0400: Memory Usage (422780K) : recog_sbump has 0 polygons
2026-09-02 19:06:43 -0400: Memory Usage (422780K) : recog_otp has 0 polygons
2026-09-02 19:06:43 -0400: Memory Usage (422780K) : recog_pdiode has 0 polygons
2026-09-02 19:06:43 -0400: Memory Usage (422780K) : recog_mom has 0 polygons
2026-09-02 19:06:43 -0400: Memory Usage (422780K) : recog_pcm has 0 polygons
2026-09-02 19:06:43 -0400: Memory Usage (423044K) : colopen_drw has 0 polygons
2026-09-02 19:06:43 -0400: Memory Usage (423044K) : graphmetal1_drw has 0 polygons
2026-09-02 19:06:43 -0400: Memory Usage (423044K) : graphmetal1_filler has 0 polygons
2026-09-02 19:06:43 -0400: Memory Usage (423044K) : graphmetal1_nofill has 0 polygons
2026-09-02 19:06:43 -0400: Memory Usage (423044K) : graphmetal1_slit has 0 polygons
2026-09-02 19:06:43 -0400: Memory Usage (423044K) : graphmetal1_opc has 0 polygons
2026-09-02 19:06:43 -0400: Memory Usage (423044K) : graphmet1l_drw has 0 polygons
2026-09-02 19:06:43 -0400: Memory Usage (423308K) : graphmet1l_filler has 0 polygons
2026-09-02 19:06:43 -0400: Memory Usage (423308K) : graphmet1l_nofill has 0 polygons
2026-09-02 19:06:43 -0400: Memory Usage (423308K) : graphmet1l_slit has 0 polygons
2026-09-02 19:06:43 -0400: Memory Usage (423308K) : graphmet1l_opc has 0 polygons
2026-09-02 19:06:43 -0400: Memory Usage (423308K) : extblock_drw has 12 polygons
2026-09-02 19:06:43 -0400: Memory Usage (423308K) : nldd_drw has 0 polygons
2026-09-02 19:06:43 -0400: Memory Usage (423572K) : pldd_drw has 0 polygons
2026-09-02 19:06:43 -0400: Memory Usage (423572K) : next_drw has 0 polygons
2026-09-02 19:06:43 -0400: Memory Usage (423572K) : pext_drw has 0 polygons
2026-09-02 19:06:43 -0400: Memory Usage (423572K) : nexthv_drw has 0 polygons
2026-09-02 19:06:43 -0400: Memory Usage (423572K) : pexthv_drw has 0 polygons
2026-09-02 19:06:43 -0400: Memory Usage (423836K) : graphgate_drw has 0 polygons
2026-09-02 19:06:43 -0400: Memory Usage (423836K) : sinwg_drw has 0 polygons
2026-09-02 19:06:43 -0400: Memory Usage (423836K) : sinwg_filler has 0 polygons
2026-09-02 19:06:43 -0400: Memory Usage (423836K) : sinwg_nofill has 0 polygons
2026-09-02 19:06:43 -0400: Memory Usage (423836K) : mempad_drw has 0 polygons
2026-09-02 19:06:43 -0400: Memory Usage (423836K) : topvia1_drw has 13 polygons
2026-09-02 19:06:43 -0400: Memory Usage (424100K) : topmetal1_drw has 10 polygons
2026-09-02 19:06:43 -0400: Memory Usage (424100K) : topmetal1_pin has 3 polygons
2026-09-02 19:06:43 -0400: Memory Usage (424100K) : topmetal1_mask has 0 polygons
2026-09-02 19:06:43 -0400: Memory Usage (424100K) : topmetal1_filler has 0 polygons
2026-09-02 19:06:43 -0400: Memory Usage (424100K) : topmetal1_nofill has 3 polygons
2026-09-02 19:06:43 -0400: Memory Usage (424100K) : topmetal1_slit has 0 polygons
2026-09-02 19:06:43 -0400: Memory Usage (424100K) : topmetal1_text has 1 polygons
2026-09-02 19:06:43 -0400: Memory Usage (424364K) : topmetal1_noqrc has 0 polygons
2026-09-02 19:06:43 -0400: Memory Usage (424364K) : topmetal1_res has 0 polygons
2026-09-02 19:06:43 -0400: Memory Usage (424364K) : topmetal1_iprobe has 0 polygons
2026-09-02 19:06:43 -0400: Memory Usage (424364K) : topmetal1_diffprb has 0 polygons
2026-09-02 19:06:43 -0400: Memory Usage (424364K) : inldpwl_drw has 0 polygons
2026-09-02 19:06:43 -0400: Memory Usage (424364K) : polyres_drw has 12 polygons
2026-09-02 19:06:43 -0400: Memory Usage (424628K) : polyres_pin has 0 polygons
2026-09-02 19:06:43 -0400: Memory Usage (424628K) : vmim_drw has 12 polygons
2026-09-02 19:06:43 -0400: Memory Usage (424628K) : nbulaycut_drw has 0 polygons
2026-09-02 19:06:43 -0400: Memory Usage (424628K) : antmetal1_drw has 0 polygons
2026-09-02 19:06:43 -0400: Memory Usage (424628K) : topvia2_drw has 6 polygons
2026-09-02 19:06:43 -0400: Memory Usage (424892K) : topmetal2_drw has 2 polygons
2026-09-02 19:06:43 -0400: Memory Usage (424892K) : topmetal2_pin has 0 polygons
2026-09-02 19:06:43 -0400: Memory Usage (424892K) : topmetal2_mask has 0 polygons
2026-09-02 19:06:43 -0400: Memory Usage (424892K) : topmetal2_filler has 0 polygons
2026-09-02 19:06:43 -0400: Memory Usage (424892K) : topmetal2_nofill has 3 polygons
2026-09-02 19:06:43 -0400: Memory Usage (424892K) : topmetal2_slit has 0 polygons
2026-09-02 19:06:43 -0400: Memory Usage (425156K) : topmetal2_text has 2 polygons
2026-09-02 19:06:43 -0400: Memory Usage (425156K) : topmetal2_noqrc has 0 polygons
2026-09-02 19:06:43 -0400: Memory Usage (425156K) : topmetal2_res has 0 polygons
2026-09-02 19:06:43 -0400: Memory Usage (425156K) : topmetal2_iprobe has 0 polygons
2026-09-02 19:06:43 -0400: Memory Usage (425156K) : topmetal2_diffprb has 0 polygons
2026-09-02 19:06:43 -0400: Memory Usage (425156K) : snsring_drw has 0 polygons
2026-09-02 19:06:43 -0400: Memory Usage (425420K) : sensor_drw has 0 polygons
2026-09-02 19:06:43 -0400: Memory Usage (425420K) : snsarms_drw has 0 polygons
2026-09-02 19:06:43 -0400: Memory Usage (425420K) : snscmosvia_drw has 0 polygons
2026-09-02 19:06:43 -0400: Memory Usage (425420K) : colwind_drw has 0 polygons
2026-09-02 19:06:43 -0400: Memory Usage (425420K) : flm_drw has 0 polygons
2026-09-02 19:06:43 -0400: Memory Usage (425684K) : hafniumox_drw has 0 polygons
2026-09-02 19:06:43 -0400: Memory Usage (425684K) : memvia_drw has 0 polygons
2026-09-02 19:06:43 -0400: Memory Usage (425684K) : thinfilmres_drw has 0 polygons
2026-09-02 19:06:43 -0400: Memory Usage (425684K) : rfmem_drw has 0 polygons
2026-09-02 19:06:43 -0400: Memory Usage (425684K) : norcx_drw has 0 polygons
2026-09-02 19:06:43 -0400: Memory Usage (425684K) : norcx_m2m3 has 0 polygons
2026-09-02 19:06:43 -0400: Memory Usage (425684K) : norcx_m2m4 has 0 polygons
2026-09-02 19:06:43 -0400: Memory Usage (425948K) : norcx_m2m5 has 0 polygons
2026-09-02 19:06:43 -0400: Memory Usage (425948K) : norcx_m2tm1 has 0 polygons
2026-09-02 19:06:43 -0400: Memory Usage (425948K) : norcx_m2tm2 has 0 polygons
2026-09-02 19:06:43 -0400: Memory Usage (425948K) : norcx_m3m4 has 0 polygons
2026-09-02 19:06:43 -0400: Memory Usage (425948K) : norcx_m3m5 has 0 polygons
2026-09-02 19:06:43 -0400: Memory Usage (425948K) : norcx_m3tm1 has 0 polygons
2026-09-02 19:06:43 -0400: Memory Usage (425948K) : norcx_m3tm2 has 0 polygons
2026-09-02 19:06:43 -0400: Memory Usage (426212K) : norcx_m4m5 has 0 polygons
2026-09-02 19:06:43 -0400: Memory Usage (426212K) : norcx_m4tm1 has 0 polygons
2026-09-02 19:06:43 -0400: Memory Usage (426212K) : norcx_m4tm2 has 0 polygons
2026-09-02 19:06:43 -0400: Memory Usage (426212K) : norcx_m5tm1 has 0 polygons
2026-09-02 19:06:43 -0400: Memory Usage (426212K) : norcx_m5tm2 has 0 polygons
2026-09-02 19:06:43 -0400: Memory Usage (426212K) : norcx_tm1tm2 has 0 polygons
2026-09-02 19:06:43 -0400: Memory Usage (426212K) : norcx_m1sub has 0 polygons
2026-09-02 19:06:43 -0400: Memory Usage (426212K) : norcx_m2sub has 0 polygons
2026-09-02 19:06:43 -0400: Memory Usage (426476K) : norcx_m3sub has 0 polygons
2026-09-02 19:06:43 -0400: Memory Usage (426476K) : norcx_m4sub has 0 polygons
2026-09-02 19:06:43 -0400: Memory Usage (426476K) : norcx_m5sub has 0 polygons
2026-09-02 19:06:43 -0400: Memory Usage (426476K) : norcx_tm1sub has 0 polygons
2026-09-02 19:06:43 -0400: Memory Usage (426476K) : norcx_tm2sub has 0 polygons
2026-09-02 19:06:43 -0400: Memory Usage (426476K) : snsbotvia_drw has 0 polygons
2026-09-02 19:06:43 -0400: Memory Usage (426740K) : snstopvia_drw has 0 polygons
2026-09-02 19:06:43 -0400: Memory Usage (426740K) : deepvia_drw has 0 polygons
2026-09-02 19:06:43 -0400: Memory Usage (426740K) : fgetch_drw has 0 polygons
2026-09-02 19:06:43 -0400: Memory Usage (426740K) : ctrgat_drw has 0 polygons
2026-09-02 19:06:43 -0400: Memory Usage (426740K) : fgimp_drw has 0 polygons
2026-09-02 19:06:43 -0400: Memory Usage (426740K) : emwihv_drw has 0 polygons
2026-09-02 19:06:43 -0400: Memory Usage (427004K) : lbe_drw has 0 polygons
2026-09-02 19:06:43 -0400: Memory Usage (427004K) : alcustop_drw has 0 polygons
2026-09-02 19:06:43 -0400: Memory Usage (427004K) : nometfiller_drw has 0 polygons
2026-09-02 19:06:43 -0400: Memory Usage (427004K) : prboundary_drw has 0 polygons
2026-09-02 19:06:43 -0400: Memory Usage (427004K) : exchange0_drw has 0 polygons
2026-09-02 19:06:43 -0400: Memory Usage (427004K) : exchange0_pin has 0 polygons
2026-09-02 19:06:43 -0400: Memory Usage (427004K) : exchange0_text has 0 polygons
2026-09-02 19:06:43 -0400: Memory Usage (427268K) : exchange1_drw has 0 polygons
2026-09-02 19:06:43 -0400: Memory Usage (427268K) : exchange1_pin has 0 polygons
2026-09-02 19:06:43 -0400: Memory Usage (427268K) : exchange1_text has 0 polygons
2026-09-02 19:06:43 -0400: Memory Usage (427268K) : exchange2_drw has 0 polygons
2026-09-02 19:06:43 -0400: Memory Usage (427268K) : exchange2_pin has 0 polygons
2026-09-02 19:06:43 -0400: Memory Usage (427268K) : exchange2_text has 0 polygons
2026-09-02 19:06:43 -0400: Memory Usage (427532K) : exchange3_drw has 0 polygons
2026-09-02 19:06:43 -0400: Memory Usage (427532K) : exchange3_pin has 0 polygons
2026-09-02 19:06:43 -0400: Memory Usage (427532K) : exchange3_text has 0 polygons
2026-09-02 19:06:43 -0400: Memory Usage (427532K) : exchange4_drw has 0 polygons
2026-09-02 19:06:43 -0400: Memory Usage (427532K) : exchange4_pin has 0 polygons
2026-09-02 19:06:43 -0400: Memory Usage (427532K) : exchange4_text has 0 polygons
2026-09-02 19:06:43 -0400: Memory Usage (427796K) : isonwell_drw has 0 polygons
2026-09-02 19:06:43 -0400: Memory Usage (427796K) : Total no. of polygons in the design is 2538
2026-09-02 19:06:43 -0400: Memory Usage (427796K) : Loaded TECH DRC rules values from /home/noorizad/local/pdks/ihp-sg13g2/libs.tech/klayout/python/sg13g2_pycell_lib/sg13g2_tech_mod.json
2026-09-02 19:06:43 -0400: Memory Usage (427796K) : Loaded default DRC rules values from /home/noorizad/local/pdks/ihp-sg13g2/libs.tech/klayout/tech/drc/rule_decks/sg13g2_tech_default.json
2026-09-02 19:06:43 -0400: Memory Usage (427796K) : The following rules values were missing in tech json and default values were used:
2026-09-02 19:06:43 -0400: Memory Usage (427796K) :   - Cnt_c_digibnd
2026-09-02 19:06:43 -0400: Memory Usage (427796K) : Total area of the design is 7166.172 um^2.
2026-09-02 19:06:43 -0400: Memory Usage (427796K) : The design dimensions are 97.05000000000001 µm * 73.84 µm.
2026-09-02 19:06:43 -0400: Memory Usage (427796K) : Starting general IHP-SG13G2 derivations.
2026-09-02 19:06:43 -0400: Memory Usage (427796K) : Starting Pwell derivations
2026-09-02 19:06:44 -0400: Memory Usage (429044K) : Starting n-Activ derivations
2026-09-02 19:06:44 -0400: Memory Usage (448640K) : Starting p-Activ derivations
2026-09-02 19:06:44 -0400: Memory Usage (452408K) : Starting ptap derivations
2026-09-02 19:06:44 -0400: Memory Usage (450596K) : Starting ntap derivations
2026-09-02 19:06:44 -0400: Memory Usage (437852K) : Starting pact FET derivations
2026-09-02 19:06:44 -0400: Memory Usage (437464K) : Starting nact FET derivations
2026-09-02 19:06:44 -0400: Memory Usage (454676K) : Starting Gate derivations
2026-09-02 19:06:44 -0400: Memory Usage (438448K) : Starting cont/contbar general derivations
2026-09-02 19:06:44 -0400: Memory Usage (455400K) : Starting pad general derivations
2026-09-02 19:06:44 -0400: Memory Usage (436856K) : Starting IHP-SG13G2 DRC connectivity related derivations.
2026-09-02 19:06:44 -0400: Memory Usage (468384K) : Starting IHP-SG13G2 DRC connectivity setup
2026-09-02 19:06:44 -0400: Memory Usage (437840K) : Starting IHP-SG13G2 DRC rules.
2026-09-02 19:06:44 -0400: Memory Usage (437840K) : Running all FEOL rules
2026-09-02 19:06:44 -0400: Memory Usage (437840K) : Running all BEOL rules
2026-09-02 19:06:44 -0400: Memory Usage (437840K) : Starting 3.2. FORBIDDEN table
2026-09-02 19:06:44 -0400: Memory Usage (437840K) : Executing rule forbidden.biwind
2026-09-02 19:06:44 -0400: Memory Usage (437840K) : Executing rule forbidden.pemwind
2026-09-02 19:06:44 -0400: Memory Usage (437840K) : Executing rule forbidden.baspoly
2026-09-02 19:06:44 -0400: Memory Usage (437840K) : Executing rule forbidden.deepco
2026-09-02 19:06:44 -0400: Memory Usage (437840K) : Executing rule forbidden.pempoly
2026-09-02 19:06:44 -0400: Memory Usage (437840K) : Executing rule forbidden.empoly
2026-09-02 19:06:44 -0400: Memory Usage (437840K) : Executing rule forbidden.ldmos
2026-09-02 19:06:44 -0400: Memory Usage (437840K) : Executing rule forbidden.pbiwind
2026-09-02 19:06:44 -0400: Memory Usage (437840K) : Executing rule forbidden.nodrc
2026-09-02 19:06:44 -0400: Memory Usage (437840K) : Executing rule forbidden.flash
2026-09-02 19:06:44 -0400: Memory Usage (437840K) : Executing rule forbidden.colwind
2026-09-02 19:06:44 -0400: Memory Usage (437840K) : Starting 5.1 NWell table
2026-09-02 19:06:44 -0400: Memory Usage (437840K) : Executing rule NW.b
2026-09-02 19:06:44 -0400: Memory Usage (437840K) : Executing rule NW.b1
2026-09-02 19:06:44 -0400: Memory Usage (437840K) : Starting 5.2 PWell:block
2026-09-02 19:06:44 -0400: Memory Usage (437840K) : Executing rule PWB.e
2026-09-02 19:06:44 -0400: Memory Usage (437840K) : Executing rule PWB.e1
2026-09-02 19:06:44 -0400: Memory Usage (437840K) : Executing rule PWB.f
2026-09-02 19:06:44 -0400: Memory Usage (437840K) : Executing rule PWB.f1
2026-09-02 19:06:44 -0400: Memory Usage (437840K) : Starting 5.3 nBuLay table
2026-09-02 19:06:44 -0400: Memory Usage (437840K) : Executing rule NBL.b
2026-09-02 19:06:44 -0400: Memory Usage (437840K) : Executing rule NBL.c
2026-09-02 19:06:44 -0400: Memory Usage (437840K) : Executing rule NBL.d
2026-09-02 19:06:44 -0400: Memory Usage (437840K) : Executing rule NBL.e
2026-09-02 19:06:44 -0400: Memory Usage (437840K) : Executing rule NBL.f
2026-09-02 19:06:44 -0400: Memory Usage (437840K) : Starting 5.5. Activ table
2026-09-02 19:06:44 -0400: Memory Usage (437840K) : Executing rule Act.a
2026-09-02 19:06:44 -0400: Memory Usage (437840K) : Executing rule Act.b
2026-09-02 19:06:44 -0400: Memory Usage (440328K) : Starting 5.6 Activ:filler table
2026-09-02 19:06:44 -0400: Memory Usage (439344K) : Executing rule AFil.c1
2026-09-02 19:06:44 -0400: Memory Usage (438728K) : Executing rule AFil.c
2026-09-02 19:06:44 -0400: Memory Usage (438728K) : Executing rule AFil.d
2026-09-02 19:06:44 -0400: Memory Usage (438728K) : Executing rule AFil.e
2026-09-02 19:06:44 -0400: Memory Usage (438728K) : Executing rule AFil.j
2026-09-02 19:06:44 -0400: Memory Usage (438728K) : Starting 5.7. ThickGateOx table
2026-09-02 19:06:44 -0400: Memory Usage (438728K) : Executing rule TGO.f
2026-09-02 19:06:44 -0400: Memory Usage (438728K) : Starting 5.8. GatPoly table
2026-09-02 19:06:44 -0400: Memory Usage (438728K) : Executing rule Gat.a
2026-09-02 19:06:44 -0400: Memory Usage (438728K) : Executing rule Gat.b
2026-09-02 19:06:44 -0400: Memory Usage (440492K) : Executing rule Gat.d
2026-09-02 19:06:44 -0400: Memory Usage (440980K) : Executing rule Gat.a1
2026-09-02 19:06:44 -0400: Memory Usage (441004K) : Executing rule Gat.a2
2026-09-02 19:06:44 -0400: Memory Usage (440248K) : Executing rule Gat.g
2026-09-02 19:06:44 -0400: Memory Usage (440820K) : Starting 5.9 GatPoly:filler
2026-09-02 19:06:44 -0400: Memory Usage (439076K) : Executing rule GFil.d
2026-09-02 19:06:44 -0400: Memory Usage (439076K) : Executing rule GFil.e
2026-09-02 19:06:44 -0400: Memory Usage (439076K) : Executing rule GFil.i
2026-09-02 19:06:44 -0400: Memory Usage (439076K) : Starting 5.10 pSD table
2026-09-02 19:06:44 -0400: Memory Usage (439076K) : Executing rule pSD.c1
2026-09-02 19:06:44 -0400: Memory Usage (441480K) : Starting 5.14. Cont table
2026-09-02 19:06:44 -0400: Memory Usage (441416K) : Executing rule Cnt.a
2026-09-02 19:06:44 -0400: Memory Usage (439320K) : Executing rule Cnt.b
2026-09-02 19:06:44 -0400: Memory Usage (441312K) : Executing rule Cnt.c
2026-09-02 19:06:44 -0400: Memory Usage (441932K) : Executing rule Cnt.c
2026-09-02 19:06:44 -0400: Memory Usage (440308K) : Executing rule Cnt.d
2026-09-02 19:06:44 -0400: Memory Usage (446132K) : Executing rule Cnt.e
2026-09-02 19:06:44 -0400: Memory Usage (441272K) : Executing rule Cnt.g1
2026-09-02 19:06:44 -0400: Memory Usage (441028K) : Executing rule Cnt.g2
2026-09-02 19:06:44 -0400: Memory Usage (442552K) : Starting 5.15. ContBar table
2026-09-02 19:06:44 -0400: Memory Usage (442496K) : Executing rule CntB.b1
2026-09-02 19:06:44 -0400: Memory Usage (441872K) : Executing rule CntB.h1
2026-09-02 19:06:44 -0400: Memory Usage (442452K) : Starting 5.16. Metal1 table
2026-09-02 19:06:44 -0400: Memory Usage (442396K) : Executing rule M1.a
2026-09-02 19:06:44 -0400: Memory Usage (440644K) : Executing rule M1.b
2026-09-02 19:06:44 -0400: Memory Usage (440400K) : Executing rule M1.e
2026-09-02 19:06:44 -0400: Memory Usage (442452K) : Executing rule M1.f
2026-09-02 19:06:44 -0400: Memory Usage (440500K) : Executing rule M1.g
2026-09-02 19:06:44 -0400: Memory Usage (442620K) : Executing rule M1.i
2026-09-02 19:06:44 -0400: Memory Usage (442764K) : Starting 5.17 Metaln table
2026-09-02 19:06:44 -0400: Memory Usage (442716K) : Executing rule M2.a
2026-09-02 19:06:44 -0400: Memory Usage (441316K) : Executing rule M2.b
2026-09-02 19:06:44 -0400: Memory Usage (442516K) : Executing rule M2.e
2026-09-02 19:06:44 -0400: Memory Usage (442832K) : Executing rule M2.f
2026-09-02 19:06:44 -0400: Memory Usage (440628K) : Executing rule M2.g
2026-09-02 19:06:44 -0400: Memory Usage (459232K) : Executing rule M2.i
2026-09-02 19:06:44 -0400: Memory Usage (442444K) : Executing rule M3.a
2026-09-02 19:06:44 -0400: Memory Usage (441068K) : Executing rule M3.b
2026-09-02 19:06:44 -0400: Memory Usage (442396K) : Executing rule M3.e
2026-09-02 19:06:45 -0400: Memory Usage (459148K) : Executing rule M3.f
2026-09-02 19:06:45 -0400: Memory Usage (440992K) : Executing rule M3.g
2026-09-02 19:06:45 -0400: Memory Usage (442420K) : Executing rule M3.i
2026-09-02 19:06:45 -0400: Memory Usage (442704K) : Executing rule M4.a
2026-09-02 19:06:45 -0400: Memory Usage (441448K) : Executing rule M4.b
2026-09-02 19:06:45 -0400: Memory Usage (442664K) : Executing rule M4.e
2026-09-02 19:06:45 -0400: Memory Usage (442744K) : Executing rule M4.f
2026-09-02 19:06:45 -0400: Memory Usage (440636K) : Executing rule M4.g
2026-09-02 19:06:45 -0400: Memory Usage (442912K) : Executing rule M4.i
2026-09-02 19:06:45 -0400: Memory Usage (442816K) : Executing rule M5.a
2026-09-02 19:06:45 -0400: Memory Usage (441592K) : Executing rule M5.b
2026-09-02 19:06:45 -0400: Memory Usage (442320K) : Executing rule M5.e
2026-09-02 19:06:45 -0400: Memory Usage (442068K) : Executing rule M5.f
2026-09-02 19:06:45 -0400: Memory Usage (440532K) : Executing rule M5.g
2026-09-02 19:06:45 -0400: Memory Usage (442976K) : Executing rule M5.i
2026-09-02 19:06:45 -0400: Memory Usage (442716K) : Starting 5.18 Metaln:filler table
2026-09-02 19:06:45 -0400: Memory Usage (442604K) : Executing rule M1Fil.c
2026-09-02 19:06:45 -0400: Memory Usage (441524K) : Executing rule M1Fil.a2
2026-09-02 19:06:45 -0400: Memory Usage (440692K) : Executing rule M2Fil.c
2026-09-02 19:06:45 -0400: Memory Usage (440692K) : Executing rule M2Fil.a2
2026-09-02 19:06:45 -0400: Memory Usage (440692K) : Executing rule M3Fil.c
2026-09-02 19:06:45 -0400: Memory Usage (440692K) : Executing rule M3Fil.a2
2026-09-02 19:06:45 -0400: Memory Usage (440692K) : Executing rule M4Fil.c
2026-09-02 19:06:45 -0400: Memory Usage (440692K) : Executing rule M4Fil.a2
2026-09-02 19:06:45 -0400: Memory Usage (440692K) : Executing rule M5Fil.c
2026-09-02 19:06:45 -0400: Memory Usage (440692K) : Executing rule M5Fil.a2
2026-09-02 19:06:45 -0400: Memory Usage (440692K) : Starting 5.19. Via1 table
2026-09-02 19:06:45 -0400: Memory Usage (440692K) : Starting 5.19. Via1 table derivations
2026-09-02 19:06:45 -0400: Memory Usage (440692K) : Executing rule V1.a
2026-09-02 19:06:45 -0400: Memory Usage (440692K) : Executing rule V1.b
2026-09-02 19:06:45 -0400: Memory Usage (442204K) : Executing rule V1.c
2026-09-02 19:06:45 -0400: Memory Usage (440704K) : Starting 5.20. Vian table
2026-09-02 19:06:45 -0400: Memory Usage (440704K) : Executing rule V2.a
2026-09-02 19:06:45 -0400: Memory Usage (440704K) : Executing rule V2.b
2026-09-02 19:06:45 -0400: Memory Usage (442852K) : Executing rule V2.c
2026-09-02 19:06:45 -0400: Memory Usage (442448K) : Executing rule V3.a
2026-09-02 19:06:45 -0400: Memory Usage (440720K) : Executing rule V3.b
2026-09-02 19:06:45 -0400: Memory Usage (443008K) : Executing rule V3.c
2026-09-02 19:06:45 -0400: Memory Usage (442496K) : Executing rule V4.a
2026-09-02 19:06:45 -0400: Memory Usage (440716K) : Executing rule V4.b
2026-09-02 19:06:45 -0400: Memory Usage (443288K) : Executing rule V4.c
2026-09-02 19:06:45 -0400: Memory Usage (442908K) : Starting 5.21. TopVia1 table
2026-09-02 19:06:45 -0400: Memory Usage (442380K) : Executing rule TV1.a
2026-09-02 19:06:45 -0400: Memory Usage (440912K) : Executing rule TV1.b
2026-09-02 19:06:45 -0400: Memory Usage (443144K) : Executing rule TV1.c
2026-09-02 19:06:45 -0400: Memory Usage (443060K) : Executing rule TV1.d
2026-09-02 19:06:45 -0400: Memory Usage (442724K) : Starting 5.22. TopMetal1 table
2026-09-02 19:06:45 -0400: Memory Usage (442676K) : Executing rule TM1.a
2026-09-02 19:06:45 -0400: Memory Usage (441372K) : Executing rule TM1.b
2026-09-02 19:06:45 -0400: Memory Usage (442644K) : Starting 5.23 TopMetal1:filler table
2026-09-02 19:06:45 -0400: Memory Usage (442572K) : Executing rule TM1Fil.c
2026-09-02 19:06:45 -0400: Memory Usage (441448K) : Executing rule TM1Fil.a1
2026-09-02 19:06:45 -0400: Memory Usage (440816K) : Starting 5.24. TopVia2 table
2026-09-02 19:06:45 -0400: Memory Usage (440816K) : Executing rule TV2.a
2026-09-02 19:06:45 -0400: Memory Usage (440816K) : Executing rule TV2.b
2026-09-02 19:06:45 -0400: Memory Usage (442868K) : Executing rule TV2.c
2026-09-02 19:06:45 -0400: Memory Usage (442944K) : Executing rule TV2.d
2026-09-02 19:06:45 -0400: Memory Usage (443092K) : Starting 5.25. TopMetal2 table
2026-09-02 19:06:45 -0400: Memory Usage (443020K) : Executing rule TM2.a
2026-09-02 19:06:45 -0400: Memory Usage (441904K) : Executing rule TM2.b
2026-09-02 19:06:45 -0400: Memory Usage (443236K) : Executing rule TM2.bR
2026-09-02 19:06:45 -0400: Memory Usage (440880K) : Starting 5.26 TopMetal2:filler table
2026-09-02 19:06:45 -0400: Memory Usage (440880K) : Executing rule TM2Fil.c
2026-09-02 19:06:45 -0400: Memory Usage (440880K) : Executing rule TM2Fil.a1
2026-09-02 19:06:45 -0400: Memory Usage (440880K) : Starting 5.27. Passiv table
2026-09-02 19:06:45 -0400: Memory Usage (440880K) : Executing rule Pas.a
2026-09-02 19:06:45 -0400: Memory Usage (440880K) : Executing rule Pas.b
2026-09-02 19:06:45 -0400: Memory Usage (440880K) : Executing rule Pas.c
2026-09-02 19:06:45 -0400: Memory Usage (440880K) : Starting 6.1.3 NPN Substrate-Tie table
2026-09-02 19:06:45 -0400: Memory Usage (449056K) : Executing rule npn13G2.bR 
2026-09-02 19:06:45 -0400: Memory Usage (442908K) : Executing rule npn13G2L.cR 
2026-09-02 19:06:45 -0400: Memory Usage (442416K) : Executing rule npn13G2V.cR 
2026-09-02 19:06:45 -0400: Memory Usage (441096K) : Starting 6.7 Schottky diode table
2026-09-02 19:06:45 -0400: Memory Usage (441096K) : Executing rule Sdiod.d
2026-09-02 19:06:45 -0400: Memory Usage (441096K) : Executing rule Sdiod.e
2026-09-02 19:06:45 -0400: Memory Usage (441096K) : Starting 6.9.2 Copper Pillar table
2026-09-02 19:06:45 -0400: Memory Usage (441096K) : Executing rule Padc.a
2026-09-02 19:06:45 -0400: Memory Usage (441096K) : Executing rule Padc.b
2026-09-02 19:06:45 -0400: Memory Usage (441096K) : Executing rule Padc.c
2026-09-02 19:06:45 -0400: Memory Usage (441096K) : Executing rule Padb.f
2026-09-02 19:06:45 -0400: Memory Usage (441096K) : Starting 6.9 Pad table
2026-09-02 19:06:45 -0400: Memory Usage (441096K) : Executing rule Pad.m
2026-09-02 19:06:45 -0400: Memory Usage (441096K) : Executing rule Pad.fR_M1
2026-09-02 19:06:45 -0400: Memory Usage (441096K) : Executing rule Pad.fR_M2
2026-09-02 19:06:45 -0400: Memory Usage (441096K) : Executing rule Pad.fR_M3
2026-09-02 19:06:45 -0400: Memory Usage (441096K) : Executing rule Pad.fR_M4
2026-09-02 19:06:45 -0400: Memory Usage (441096K) : Executing rule Pad.fR_M5
2026-09-02 19:06:45 -0400: Memory Usage (441096K) : Executing rule Pad.fR_TM1
2026-09-02 19:06:45 -0400: Memory Usage (441096K) : Executing rule Pad.fR_TM2
2026-09-02 19:06:45 -0400: Memory Usage (441096K) : Executing rule Pad.i
2026-09-02 19:06:45 -0400: Memory Usage (441096K) : Starting 6.9.1 Solder Bump
2026-09-02 19:06:45 -0400: Memory Usage (441096K) : Executing rule Padb.a
2026-09-02 19:06:45 -0400: Memory Usage (441096K) : Executing rule Padb.b
2026-09-02 19:06:45 -0400: Memory Usage (441096K) : Executing rule Padb.c
2026-09-02 19:06:45 -0400: Memory Usage (441096K) : Executing rule Padb.f
2026-09-02 19:06:45 -0400: Memory Usage (441096K) : Executing rule Padb.d
2026-09-02 19:06:45 -0400: Memory Usage (441096K) : Starting 6.10 Sealring table
2026-09-02 19:06:45 -0400: Memory Usage (441096K) : Executing rule Seal.l
2026-09-02 19:06:45 -0400: Memory Usage (441096K) : Executing rule Seal.n
2026-09-02 19:06:45 -0400: Memory Usage (441096K) : Executing rule seal.b_metal1
2026-09-02 19:06:45 -0400: Memory Usage (441096K) : Executing rule seal.b_metal2
2026-09-02 19:06:45 -0400: Memory Usage (441096K) : Executing rule seal.b_metal3
2026-09-02 19:06:45 -0400: Memory Usage (441096K) : Executing rule seal.b_metal4
2026-09-02 19:06:45 -0400: Memory Usage (441096K) : Executing rule seal.b_metal5
2026-09-02 19:06:45 -0400: Memory Usage (441096K) : Executing rule seal.b_topmetal1
2026-09-02 19:06:45 -0400: Memory Usage (441096K) : Executing rule seal.b_topmetal2
2026-09-02 19:06:45 -0400: Memory Usage (441096K) : Executing rule seal.b_activ
2026-09-02 19:06:45 -0400: Memory Usage (441096K) : Executing rule seal.b_psd
2026-09-02 19:06:45 -0400: Memory Usage (441096K) : Executing rule Seal.k
2026-09-02 19:06:45 -0400: Memory Usage (441096K) : Executing rule Seal.m
2026-09-02 19:06:45 -0400: Memory Usage (441096K) : Starting 6.11 MIM table
2026-09-02 19:06:45 -0400: Memory Usage (441096K) : Executing rule MIM.c
2026-09-02 19:06:45 -0400: Memory Usage (442532K) : Executing rule MIM.d
2026-09-02 19:06:45 -0400: Memory Usage (443288K) : Executing rule MIM.gR
2026-09-02 19:06:45 -0400: Memory Usage (442800K) : Starting 7.2 Latch-up table
2026-09-02 19:06:45 -0400: Memory Usage (442744K) : Executing rule LU.b
2026-09-02 19:06:46 -0400: Memory Usage (442896K) : Starting 7.3 Metal Slits table
2026-09-02 19:06:46 -0400: Memory Usage (442840K) : Executing rule Slt.e1_M1
2026-09-02 19:06:46 -0400: Memory Usage (441556K) : Executing rule Slt.e1_M2
2026-09-02 19:06:46 -0400: Memory Usage (440980K) : Executing rule Slt.e1_M3
2026-09-02 19:06:46 -0400: Memory Usage (440980K) : Executing rule Slt.e1_M4
2026-09-02 19:06:46 -0400: Memory Usage (440980K) : Executing rule Slt.e1_M5
2026-09-02 19:06:46 -0400: Memory Usage (440980K) : Executing rule Slt.e1_TM1
2026-09-02 19:06:46 -0400: Memory Usage (440980K) : Executing rule Slt.e1_TM2
2026-09-02 19:06:46 -0400: Memory Usage (440980K) : Starting 7.4. PIN table
2026-09-02 19:06:46 -0400: Memory Usage (440980K) : Executing rule Pin.a
2026-09-02 19:06:46 -0400: Memory Usage (440980K) : Executing rule Pin.b
2026-09-02 19:06:46 -0400: Memory Usage (440980K) : Executing rule Pin.e
2026-09-02 19:06:46 -0400: Memory Usage (442856K) : Executing rule Pin.f_M2
2026-09-02 19:06:46 -0400: Memory Usage (443352K) : Executing rule Pin.f_M3
2026-09-02 19:06:46 -0400: Memory Usage (442232K) : Executing rule Pin.f_M4
2026-09-02 19:06:46 -0400: Memory Usage (441224K) : Executing rule Pin.f_M5
2026-09-02 19:06:46 -0400: Memory Usage (442256K) : Executing rule Pin.g
2026-09-02 19:06:46 -0400: Memory Usage (442828K) : Executing rule Pin.h
2026-09-02 19:06:46 -0400: Memory Usage (441692K) : Starting 9.1. LBE table
2026-09-02 19:06:46 -0400: Memory Usage (441156K) : Executing rule LBE.a
2026-09-02 19:06:46 -0400: Memory Usage (441156K) : Executing rule LBE.b
2026-09-02 19:06:46 -0400: Memory Usage (441156K) : Executing rule LBE.b1
2026-09-02 19:06:46 -0400: Memory Usage (441156K) : Executing rule LBE.c
2026-09-02 19:06:46 -0400: Memory Usage (441156K) : Executing rule LBE.d
2026-09-02 19:06:46 -0400: Memory Usage (441156K) : Executing rule LBE.h
2026-09-02 19:06:46 -0400: Memory Usage (441156K) : KLayout DRC run for table 'main' completed in 2.39 seconds
